country,year,n_conflict_events,total_fatalities,iso3c,continent,population,gdp_pc,edu,child_mort
Afghanistan,1989,145,5411,AFG,Asia,NA,NA,NA,NA
Afghanistan,1990,45,1514,AFG,Asia,12045660,NA,30.983039855957,180.7
Afghanistan,1991,64,3553,AFG,Asia,12238879,NA,31.6050205230713,174.4
Afghanistan,1992,76,4385,AFG,Asia,13278974,NA,NA,168.5
Afghanistan,1993,115,4105,AFG,Asia,14943172,NA,33.955249786377,163
Afghanistan,1994,244,9056,AFG,Asia,16250794,NA,44.7888412475586,157.7
Afghanistan,1995,219,5618,AFG,Asia,17065836,NA,47.6614418029785,152.8
Afghanistan,1996,234,3595,AFG,Asia,17763266,NA,NA,148.3
Afghanistan,1997,199,6721,AFG,Asia,18452091,NA,NA,144.1
Afghanistan,1998,217,12174,AFG,Asia,19159996,NA,32.9843292236328,139.9
Afghanistan,1999,189,5065,AFG,Asia,19887785,NA,26.2905292510986,135.8
Afghanistan,2000,207,5394,AFG,Asia,20130327,308.318269746638,21.4578495025635,131.7
Afghanistan,2001,263,5553,AFG,Asia,20284307,277.118051443941,22.1396503448486,127.4
Afghanistan,2002,94,1157,AFG,Asia,21378117,338.139973643387,73.4013137817383,123.1
Afghanistan,2003,186,944,AFG,Asia,22733049,346.071627096223,95.3357467651367,118.7
Afghanistan,2004,241,817,AFG,Asia,23560654,338.637273888197,105.475051879883,114.2
Afghanistan,2005,430,1711,AFG,Asia,24404567,363.640141436773,99.50390625,109.7
Afghanistan,2006,848,4982,AFG,Asia,25424094,367.75831169358,102.284866333008,105.1
Afghanistan,2007,1044,7037,AFG,Asia,25909852,410.757728879097,99.3228988647461,100.7
Afghanistan,2008,1115,5661,AFG,Asia,26482622,417.647282647498,104.445137023926,96.3
Afghanistan,2009,1514,6499,AFG,Asia,27466101,488.830652491949,99.7054214477539,92.2
Afghanistan,2010,1806,7151,AFG,Asia,28284089,542.871030476037,103.48560333252,88.3
Afghanistan,2011,2197,7563,AFG,Asia,29347708,525.42698276582,101.542083740234,84.6
Afghanistan,2012,2301,7783,AFG,Asia,30560034,568.929021458341,106.575317382812,81.2
Afghanistan,2013,1926,8131,AFG,Asia,31622704,580.603833333096,107.942840576172,78
Afghanistan,2014,2119,12549,AFG,Asia,32792523,575.146245808546,109.829452514648,75.1
Afghanistan,2015,2266,18018,AFG,Asia,33831764,565.569730408751,106.773551940918,72.4
Afghanistan,2016,2428,19025,AFG,Asia,34700612,563.872336723147,106.784042358398,70
Afghanistan,2017,2482,19784,AFG,Asia,35688935,562.769574140988,106.54354095459,67.6
Afghanistan,2018,3724,26895,AFG,Asia,36743039,553.125151688293,107.687660217285,65.4
Afghanistan,2019,4682,30435,AFG,Asia,37856121,557.861533207459,109.075309753418,63.3
Afghanistan,2020,3317,20834,AFG,Asia,39068979,527.834554499306,NA,61.3
Afghanistan,2021,4512,36386,AFG,Asia,40000412,408.625855217403,NA,59.3
Afghanistan,2022,416,1574,AFG,Asia,40578842,377.665627080705,NA,57.4
Afghanistan,2023,176,360,AFG,Asia,41454761,378.06630312259,NA,55.5
Afghanistan,2024,179,353,AFG,Asia,42647492,NA,NA,NA
Albania,1999,10,26,ALB,Europe,3108778,1841.80762760566,NA,28.4
Algeria,1990,1,1,DZA,Africa,25375810,3605.68701212608,96.0173721313477,51.7
Algeria,1991,4,34,DZA,Africa,25987928,3478.50976269176,96.9083023071289,50.9
Algeria,1992,120,274,DZA,Africa,26628568,3455.92936294162,98.2018127441406,50.4
Algeria,1993,269,826,DZA,Africa,27277048,3302.91950568634,97.7574462890625,49.8
Algeria,1994,350,1943,DZA,Africa,27887279,3201.56914402566,98.4046096801758,49
Algeria,1995,394,3059,DZA,Africa,28470191,3255.18726869561,98.6724166870117,48.1
Algeria,1996,123,1091,DZA,Africa,29033044,3322.95538141474,100.232383728027,47
Algeria,1997,128,2008,DZA,Africa,29579301,3297.46603361265,101.960678100586,45.8
Algeria,1998,383,3284,DZA,Africa,30054133,3410.88254401644,103.693977355957,44.5
Algeria,1999,226,1168,DZA,Africa,30474354,3471.49196276497,106.491363525391,43.1
Algeria,2000,252,1193,DZA,Africa,30903893,3553.32420521991,109.734397888184,41.6
Algeria,2001,80,674,DZA,Africa,31331221,3610.00605631983,109.017837524414,40.1
Algeria,2002,225,1058,DZA,Africa,31750835,3754.66081538446,110.677276611328,38.5
Algeria,2003,209,714,DZA,Africa,32175818,3945.89816094007,111.387786865234,37
Algeria,2004,219,500,DZA,Africa,32628286,4066.28204806495,111.655128479004,35.4
Algeria,2005,72,232,DZA,Africa,33109249,4223.60252133943,112.398590087891,34
Algeria,2006,91,292,DZA,Africa,33623506,4279.61547120827,112.077087402344,32.6
Algeria,2007,128,495,DZA,Africa,34189416,4339.25055772831,112.334480285645,31.3
Algeria,2008,111,345,DZA,Africa,34816961,4367.56538017541,110.910949707031,30.1
Algeria,2009,191,541,DZA,Africa,35490445,4336.10054052949,113.491889953613,29
Algeria,2010,92,252,DZA,Africa,36188236,4456.6102741643,113.807026512965,28.1
Algeria,2011,125,276,DZA,Africa,36903376,4501.3543013352,112.733764527322,27.3
Algeria,2012,124,264,DZA,Africa,37646166,4518.43978956464,112.067747390185,26.6
Algeria,2013,73,222,DZA,Africa,38414171,4543.23444006767,112.336630248486,26
Algeria,2014,43,111,DZA,Africa,39205031,4634.10149179952,111.144837219297,25.4
Algeria,2015,46,110,DZA,Africa,40019529,4685.05902729002,109.584787441309,24.9
Algeria,2016,27,89,DZA,Africa,40850721,4768.73140081027,109.072307418092,24.5
Algeria,2017,26,77,DZA,Africa,41689299,4742.90075532529,108.062271942986,24
Algeria,2018,10,35,DZA,Africa,42505035,4717.0035885361,107.095121871029,23.7
Algeria,2019,9,15,DZA,Africa,43294546,4672.66408678635,106.067513980116,23.3
Algeria,2020,17,28,DZA,Africa,44042091,4363.68533767783,108.531941210547,22.9
Algeria,2021,6,18,DZA,Africa,44761099,4456.74687637774,104.739764213022,22.6
Algeria,2022,3,14,DZA,Africa,45477389,4544.46688060372,105.74715363116,22.3
Algeria,2023,1,1,DZA,Africa,46164219,4660.40545687895,105.840748480875,22
Algeria,2024,1,3,DZA,Africa,46814308,4765.72900168387,106.368889468205,NA
Angola,1989,260,2873,AGO,Africa,NA,NA,NA,NA
Angola,1990,181,2609,AGO,Africa,11626360,2675.05239370666,81.0857772827148,222.7
Angola,1991,19,516,AGO,Africa,12023529,2612.33170523819,73.8994369506836,222.5
Angola,1992,38,2352,AGO,Africa,12423712,2380.58274213388,70.7553787231445,222.4
Angola,1993,220,12398,AGO,Africa,12827135,1752.72318662558,NA,222
Angola,1994,320,4009,AGO,Africa,13249764,1719.54294465223,NA,221.6
Angola,1995,76,238,AGO,Africa,13699778,1912.51777523397,NA,220.7
Angola,1996,28,32,AGO,Africa,14170973,2099.3504538481902,NA,218.9
Angola,1997,35,105,AGO,Africa,14660413,2176.87757986492,NA,216.2
Angola,1998,110,1191,AGO,Africa,15159370,2203.98692701325,76.634407043457,212.6
Angola,1999,245,2666,AGO,Africa,15667235,2179.06426975438,NA,208.2
Angola,2000,130,1209,AGO,Africa,16194869,2172.46326720494,NA,203
Angola,2001,124,2158,AGO,Africa,16747208,2189.17352158246,NA,196.9
Angola,2002,69,579,AGO,Africa,17327699,2404.97792071531,NA,189.9
Angola,2003,37,84,AGO,Africa,17943712,2403.40415157038,NA,182.2
Angola,2004,19,38,AGO,Africa,18600423,2583.32411461288,NA,173.8
Angola,2005,13,15,AGO,Africa,19291161,2843.3966357968,NA,165
Angola,2006,12,3,AGO,Africa,20015279,3065.05576243895,NA,155.5
Angola,2007,22,26,AGO,Africa,20778561,3336.36332465208,106.341453552246,146
Angola,2008,9,4,AGO,Africa,21578655,3559.19522512236,113.292236328125,137
Angola,2009,9,25,AGO,Africa,22414773,3494.80724466172,112.278953552246,128.2
Angola,2010,4,10,AGO,Africa,23294825,3540.79159568381,113.87258174337,119.8
Angola,2011,2,1,AGO,Africa,24218352,3528.16824373399,128.386344899029,112.1
Angola,2013,1,2,AGO,Africa,26165620,3716.29718727282,NA,98.3
Angola,2014,6,0,AGO,Africa,27160769,3746.81619978613,NA,92.8
Angola,2015,2,1,AGO,Africa,28157798,3641.72893919944,120.580276489258,88.2
Angola,2016,18,26,AGO,Africa,29183070,3454.03317187119,NA,84.1
Angola,2017,24,26,AGO,Africa,30234839,3328.8982124109,NA,80.5
Angola,2018,6,24,AGO,Africa,31297155,3196.79006983557,NA,77.3
Angola,2019,11,26,AGO,Africa,32375632,3083.97534427357,NA,74.4
Angola,2020,26,29,AGO,Africa,33451132,2864.16146036893,NA,71.6
Angola,2021,4,13,AGO,Africa,34532429,2832.81777132286,89.2266094661321,69
Angola,2022,17,21,AGO,Africa,35635029,2860.90251922246,NA,66.4
Angola,2023,1,0,AGO,Africa,36749906,2809.15727975557,86.7353918783767,64
Angola,2024,10,25,AGO,Africa,37885849,2845.47779302975,NA,NA
Argentina,1992,1,0,ARG,Americas,33693527,9293.18692251748,NA,27.6
Argentina,1994,1,86,ARG,Americas,34613491,10359.8927204871,111.172019958496,25.4
Armenia,1992,9,85,ARM,Asia,3571861,840.205259177402,97.8046569824219,44.9
Armenia,1993,7,37,ARM,Asia,3453332,792.567859246381,97.2229385375977,42.9
Armenia,1994,1,30,ARM,Asia,3364610,857.394474812969,87.2411804199219,40.9
Armenia,1995,5,7,ARM,Asia,3307581,932.357829471807,81.2909774780273,39
Armenia,2005,1,1,ARM,Asia,3146400,2240.09273209788,100.4091796875,24
Armenia,2006,2,2,ARM,Asia,3127100,2551.43546358452,103.896697998047,22.8
Armenia,2012,5,9,ARM,Asia,3024100,3159.75860786889,97.0881274408756,17
Armenia,2013,1,1,ARM,Asia,3022000,3266.29882999873,95.8742927261572,16.2
Armenia,2015,8,16,ARM,Asia,3004600,3512.39350276709,93.088059144009,14.6
Armenia,2016,1,4,ARM,Asia,2992300,3533.88503607007,93.1108003536782,14
Armenia,2018,1,1,ARM,Asia,2969000,4027.83393010979,92.1345008167579,12.7
Armenia,2019,2,2,ARM,Asia,2962500,4343.45839583019,92.3228240527597,12.1
Armenia,2020,8,10,ARM,Asia,2961500,4032.09043454955,92.8692618061259,11.6
Armenia,2021,8,10,ARM,Asia,2962300,4264.79961505187,94.6392203828781,11
Armenia,2022,8,154,ARM,Asia,2969200,4791.00481712183,96.9454296559019,10.5
Armenia,2023,10,20,ARM,Asia,2964300,5197.23509013575,98.0899878191202,10
Australia,2018,2,2,AUS,Oceania,24963258,58772.7063152213,100.398712158203,3.8
Austria,2020,1,4,AUT,Europe,8916864,43428.6983137234,101.560852050781,3.4
Azerbaijan,1991,3,35,AZE,Asia,7271300,2808.72744444906,NA,95
Azerbaijan,1992,182,2856,AZE,Asia,7382050,2141.34003837017,NA,95.2
Azerbaijan,1993,72,1194,AZE,Asia,7494800,1621.91809395607,NA,95.2
Azerbaijan,1994,58,1489,AZE,Asia,7596550,1284.95555073458,NA,94.7
Azerbaijan,1995,10,55,AZE,Asia,7684850,1120.30867792344,NA,93.4
Azerbaijan,1996,3,5,AZE,Asia,7763000,1123.44793844504,NA,91
Azerbaijan,1997,3,29,AZE,Asia,7838250,1177.19685990232,NA,87.8
Azerbaijan,1998,4,34,AZE,Asia,7913000,1282.68413749503,NA,83.7
Azerbaijan,1999,6,18,AZE,Asia,7982750,1365.56585147028,NA,79.1
Azerbaijan,2000,7,13,AZE,Asia,8048600,1504.73106706035,97.2074890136719,74
Azerbaijan,2001,5,6,AZE,Asia,8111200,1640.93664540398,98.8610000610352,69
Azerbaijan,2004,3,8,AZE,Asia,8306500,2111.4533834475,97.2613296508789,55.5
Azerbaijan,2005,22,24,AZE,Asia,8391850,2674.3688564996,95.526969909668,51.8
Azerbaijan,2006,8,5,AZE,Asia,8484550,3556.83212858133,94.2166595458984,48.5
Azerbaijan,2007,11,12,AZE,Asia,8581300,4412.20326117932,94.7712020874023,45.5
Azerbaijan,2008,7,30,AZE,Asia,8763400,4778.12452736673,94.0724716186523,42.7
Azerbaijan,2009,6,7,AZE,Asia,8947243,5118.43395494687,95.0685729980469,40.1
Azerbaijan,2010,14,20,AZE,Asia,9054332,5300.11048729062,93.7623031735616,37.7
Azerbaijan,2011,20,21,AZE,Asia,9173082,5149.20665913206,95.573632238702,35.4
Azerbaijan,2012,12,16,AZE,Asia,9295784,5193.17501119552,97.9553073516457,33.2
Azerbaijan,2013,10,11,AZE,Asia,9416801,5425.99559780578,100.500447800934,31.2
Azerbaijan,2014,33,46,AZE,Asia,9535079,5508.60265612676,106.059885931559,29.5
Azerbaijan,2015,43,63,AZE,Asia,9649341,5500.50364628486,106.601494422512,27.8
Azerbaijan,2016,31,137,AZE,Asia,9757812,5272.71817141861,106.431739366993,26.3
Azerbaijan,2017,21,36,AZE,Asia,9854033,5229.25259993413,103.294100040645,24.9
Azerbaijan,2018,17,16,AZE,Asia,9939771,5261.92938234432,99.7221014157127,23.6
Azerbaijan,2019,10,9,AZE,Asia,10024283,5346.95318604114,97.9353503349024,22.4
Azerbaijan,2020,141,7636,AZE,Asia,10093121,5087.50022783627,98.2360713897839,21.3
Azerbaijan,2021,18,30,AZE,Asia,10137750,5349.58226071425,97.7305001044597,20.4
Azerbaijan,2022,9,154,AZE,Asia,10141756,5599.58524971025,99.8082977244143,19.4
Azerbaijan,2023,11,442,AZE,Asia,10153958,5668.61021317029,101.979698816442,18.6
Bahrain,2011,24,26,BHR,Asia,1195020,23288.0449398313,96.1195941897225,8.3
Bangladesh,1989,20,81,BGD,Asia,NA,NA,NA,NA
Bangladesh,1990,27,94,BGD,Asia,111633717,473.444821021085,75.4154434204102,146
Bangladesh,1991,36,107,BGD,Asia,113787109,480.673358976087,NA,139.8
Bangladesh,1992,29,225,BGD,Asia,115952192,497.371173735323,NA,133.7
Bangladesh,1993,18,43,BGD,Asia,118132360,511.193509421294,NA,127.4
Bangladesh,1994,6,32,BGD,Asia,120343179,521.323144726555,NA,121.2
Bangladesh,1995,13,14,BGD,Asia,122600370,537.931946643983,NA,115.1
Bangladesh,1996,23,46,BGD,Asia,124862179,552.077107138767,NA,109.1
Bangladesh,1997,11,16,BGD,Asia,127198069,566.271140847632,NA,103
Bangladesh,1998,11,21,BGD,Asia,129622332,584.448175174047,NA,97
Bangladesh,1999,19,14,BGD,Asia,132108065,600.232323162952,NA,91
Bangladesh,2000,8,105,BGD,Asia,134544304,620.560472822105,NA,85.4
Bangladesh,2001,29,72,BGD,Asia,136805810,641.288922876274,NA,80.1
Bangladesh,2002,5,7,BGD,Asia,138933658,655.672139362272,NA,75.3
Bangladesh,2003,15,8,BGD,Asia,140970351,676.826252046427,NA,70.9
Bangladesh,2004,38,75,BGD,Asia,142902856,702.656357081873,NA,66.9
Bangladesh,2005,66,80,BGD,Asia,144715786,739.203718353409,96.386833190918,63.2
Bangladesh,2006,74,96,BGD,Asia,146405973,779.419570444998,95.8766021728516,59.8
Bangladesh,2007,13,18,BGD,Asia,147989278,825.508229964537,93.662353515625,56.7
Bangladesh,2008,11,13,BGD,Asia,149474264,866.45815762135,90.3782272338867,53.9
Bangladesh,2009,9,10,BGD,Asia,150873714,901.729626251937,92.5936737060547,51.3
Bangladesh,2010,8,5,BGD,Asia,152201981,943.66422864236,94.7762261175806,48.9
Bangladesh,2011,1,0,BGD,Asia,153591076,995.579947155662,NA,46.7
Bangladesh,2012,2,2,BGD,Asia,155070101,1050.39140404066,NA,44.7
Bangladesh,2013,38,54,BGD,Asia,156532141,1103.15695907123,NA,42.7
Bangladesh,2014,2,2,BGD,Asia,157964929,1159.40753475981,NA,40.7
Bangladesh,2015,8,10,BGD,Asia,159383179,1224.38647668165,NA,38.8
Bangladesh,2016,25,73,BGD,Asia,160811932,1299.83091360792,NA,36.9
Bangladesh,2017,23,48,BGD,Asia,162186147,1373.75363740186,105.128820425409,35.2
Bangladesh,2018,20,28,BGD,Asia,163523103,1462.25050255713,107.18995771035,33.7
Bangladesh,2019,3,3,BGD,Asia,164913055,1564.20802445636,NA,32.4
Bangladesh,2020,5,5,BGD,Asia,166298024,1604.6659234742,110.066619873047,31.5
Bangladesh,2021,3,2,BGD,Asia,167658854,1702.08028414189,106.334849059692,31
Bangladesh,2022,9,13,BGD,Asia,169384897,1804.3493461776,107.802066750685,30.7
Bangladesh,2023,11,12,BGD,Asia,171466990,1885.37733613545,103.116421399751,30.6
Bangladesh,2024,54,374,BGD,Asia,173562364,1941.27874360025,106.491310395865,NA
Belgium,2016,3,34,BEL,Europe,11331422,41172.8862831209,102.055862426758,4.1
Belgium,2018,2,4,BEL,Europe,11427054,42208.3625650272,102.500366210938,4
Belgium,2023,1,2,BEL,Europe,11779946,44866.1935177304,102.108009338379,3.6
Benin,2019,1,1,BEN,Africa,12726755,1114.17304526443,106.798400878906,88
Benin,2020,1,1,BEN,Africa,13070169,1126.65404122154,104.033172607422,85.5
Benin,2021,6,11,BEN,Africa,13413417,1176.37727637273,105.631301879883,83.1
Benin,2022,8,30,BEN,Africa,13759501,1218.49668929091,108.036239624023,80.4
Benin,2023,20,46,BEN,Africa,14111034,1263.62158336368,NA,77.9
Benin,2024,29,85,BEN,Africa,14462724,1324.78312597434,NA,NA
Bhutan,1997,1,4,BTN,Asia,558697,1138.39922318847,71.6688079833984,92.6
Bhutan,2004,1,0,BTN,Asia,650544,1552.73915195801,88.8356399536133,61.2
Bolivia,1998,1,2,BOL,Americas,8313394,2025.50334651632,NA,84.7
Bolivia,2000,9,50,BOL,Americas,8606326,2014.19024658446,119.13207244873,75.7
Bolivia,2021,1,1,BOL,Americas,11937360,3011.55110807557,98.4694228398409,24.8
Bolivia,2023,1,1,BOL,Americas,12244159,3122.77049447823,98.5726894625786,23.1
Bosnia & Herzegovina,1992,3769,25171,BIH,Europe,4234616,705.206671025908,NA,57.8
Bosnia & Herzegovina,1993,2828,13787,BIH,Europe,3904482,748.150021097699,NA,58.7
Bosnia & Herzegovina,1994,1862,7312,BIH,Europe,3725412,871.398491492583,NA,14
Bosnia & Herzegovina,1995,881,17265,BIH,Europe,3715564,1013.22444955595,NA,19.4
Botswana,1990,1,1,BWA,Africa,1305696,4039.46544455099,109.420013427734,50.1
Brazil,1993,5,43,BRA,Americas,156794577,6167.46021218994,NA,54.1
Brazil,1994,7,32,BRA,Americas,159265006,6427.1682800904,NA,50.9
Brazil,1995,8,51,BRA,Americas,161735073,6596.33496795058,NA,47.7
Brazil,1996,3,20,BRA,Americas,164202549,6640.72624266152,NA,44.7
Brazil,1997,14,41,BRA,Americas,166661659,6764.85764267331,NA,41.9
Brazil,1998,6,16,BRA,Americas,169159655,6687.49446621217,NA,39.3
Brazil,1999,31,86,BRA,Americas,171641543,6621.63600079445,NA,36.8
Brazil,2000,27,64,BRA,Americas,174018282,6817.78345634413,NA,34.5
Brazil,2001,14,81,BRA,Americas,176301203,6823.0331851176,NA,32.2
Brazil,2002,21,65,BRA,Americas,178503484,6944.62257593723,NA,30.1
Brazil,2003,12,51,BRA,Americas,180622688,6941.43965883253,NA,28.1
Brazil,2004,12,86,BRA,Americas,182675143,7258.78101654079,NA,26.3
Brazil,2005,18,60,BRA,Americas,184688101,7409.56827992249,NA,24.6
Brazil,2006,4,23,BRA,Americas,186653106,7622.03919432148,NA,23.1
Brazil,2007,9,40,BRA,Americas,188552320,8003.2532101272,NA,21.7
Brazil,2008,5,20,BRA,Americas,190367302,8330.76364001877,NA,20.5
Brazil,2009,3,40,BRA,Americas,192079951,8246.09612122851,NA,19.5
Brazil,2010,2,4,BRA,Americas,193701929,8792.63334959864,NA,18.6
Brazil,2011,4,34,BRA,Americas,195284734,9067.99212019529,NA,17.9
Brazil,2012,7,275,BRA,Americas,196876111,9167.49818450433,104.7822265625,17.2
Brazil,2013,10,28,BRA,Americas,198478299,9366.73824670239,109.945137023926,16.7
Brazil,2014,4,4,BRA,Americas,200085127,9338.34170840985,110.316467285156,16.3
Brazil,2015,17,83,BRA,Americas,201675532,8936.1955889444,109.152191162109,16
Brazil,2016,58,156,BRA,Americas,203218114,8577.84277969667,108.757843017578,16.8
Brazil,2017,316,3062,BRA,Americas,204703445,8628.25209645723,109.80850982666,15.4
Brazil,2018,357,2662,BRA,Americas,206107261,8722.33529970988,108.623291015625,15.2
Brazil,2019,636,1731,BRA,Americas,207455459,8771.43950372603,107.40747833252,15
Brazil,2020,744,2670,BRA,Americas,208660842,8435.01046209185,105.498199462891,14.9
Brazil,2021,843,2661,BRA,Americas,209550294,8799.22844579944,103.4716796875,14.7
Brazil,2022,1514,1703,BRA,Americas,210306415,9032.08377657776,103.970321655273,14.6
Brazil,2023,2159,2481,BRA,Americas,211140729,9288.02594608687,NA,14.4
Brazil,2024,1461,1635,BRA,Americas,211998573,9566.74408628371,NA,NA
Burkina Faso,2016,2,26,BFA,Africa,19334856,648.420480176012,87.4065255935815,97.7
Burkina Faso,2017,27,54,BFA,Africa,19894407,669.276310328333,89.5118329042903,94.3
Burkina Faso,2018,65,195,BFA,Africa,20438288,694.492813126351,91.5019771306419,91.2
Burkina Faso,2019,222,1246,BFA,Africa,20961952,717.021595096634,89.7861564043823,88.2
Burkina Faso,2020,166,1167,BFA,Africa,21478690,713.8421779224,87.6988473437538,85.3
Burkina Faso,2021,191,1458,BFA,Africa,21995243,745.472563435144,87.0183353617198,82.5
Burkina Faso,2022,237,2704,BFA,Africa,22509038,740.306319930259,82.2567064320916,79.9
Burkina Faso,2023,599,6122,BFA,Africa,23025776,745.405334618409,72.2385948607578,77.3
Burkina Faso,2024,307,4251,BFA,Africa,23548781,763.833733522408,77.1665925504108,NA
Burundi,1990,1,7,BDI,Africa,5587052,373.245241687992,62.5858917236328,169.8
Burundi,1991,21,342,BDI,Africa,5703857,383.870358589191,63.7648010253906,171.1
Burundi,1992,3,61,BDI,Africa,5858407,377.518319697874,61.2891883850098,172.1
Burundi,1993,454,10218,BDI,Africa,5676843,365.282012271705,61.1928100585938,195
Burundi,1994,46,897,BDI,Africa,5713854,349.016249237768,NA,172.2
Burundi,1995,126,2828,BDI,Africa,6066316,302.701844524604,47.974048614502,171.2
Burundi,1996,188,18184,BDI,Africa,6070506,278.293479866983,37.9824905395508,169.5
Burundi,1997,200,4395,BDI,Africa,6070042,273.889548332896,39.9262313842773,166.7
Burundi,1998,122,1797,BDI,Africa,6187108,281.470892716422,48.1120796203613,163
Burundi,1999,200,1852,BDI,Africa,6337155,272.030864788973,57.2445907592773,158.6
Burundi,2000,250,2442,BDI,Africa,6470194,264.154407180223,59.2368316650391,153.7
Burundi,2001,188,1634,BDI,Africa,6634365,262.913885774384,61.9382514953613,148.5
Burundi,2002,239,1990,BDI,Africa,6824132,266.968141648342,68.6379928588867,143
Burundi,2003,208,1283,BDI,Africa,7043154,255.500823385612,74.1769638061523,137.3
Burundi,2004,89,734,BDI,Africa,7310656,258.050009115333,79.2554397583008,131
Burundi,2005,120,485,BDI,Africa,7587299,250.878933475935,84.5035934448242,124.1
Burundi,2006,55,251,BDI,Africa,7865547,255.105582251925,107.597122192383,116.8
Burundi,2007,25,79,BDI,Africa,8161874,254.311725516331,120.352416992188,109.7
Burundi,2008,48,257,BDI,Africa,8505637,256.012461554496,123.768852233887,102.8
Burundi,2009,3,0,BDI,Africa,8947646,252.582019875886,131.400833129883,96.6
Burundi,2011,6,4,BDI,Africa,9717978,254.242110648215,135.992222159155,85.3
Burundi,2012,7,14,BDI,Africa,10071028,256.180393931874,131.357142093473,80.2
Burundi,2013,7,16,BDI,Africa,10439341,259.311117203355,126.110240344608,75.5
Burundi,2014,9,61,BDI,Africa,10799785,261.296721752002,121.424109579602,71.3
Burundi,2015,42,265,BDI,Africa,11047580,254.402585226788,116.228128078144,67.6
Burundi,2016,75,93,BDI,Africa,11239451,258.061970808946,112.482124155559,64.4
Burundi,2017,43,43,BDI,Africa,11506762,261.725839288764,107.55418011941,61.5
Burundi,2018,60,116,BDI,Africa,11859446,267.508692172687,104.256445289133,59
Burundi,2019,51,75,BDI,Africa,12255336,270.411005710809,101.506122486696,56.7
Burundi,2020,78,145,BDI,Africa,12617036,263.463876356897,101.661087301601,54.6
Burundi,2021,50,81,BDI,Africa,12965481,264.682651664249,NA,52.6
Burundi,2022,42,48,BDI,Africa,13321097,263.587550051638,NA,50.8
Burundi,2023,39,125,BDI,Africa,13689450,264.843307950214,NA,49.2
Burundi,2024,49,70,BDI,Africa,14047786,268.700857391724,NA,NA
Cambodia,1989,43,814,KHM,Asia,NA,NA,NA,NA
Cambodia,1990,25,377,KHM,Asia,7374752,824.051655825487,113.417427062988,116.3
Cambodia,1991,18,322,KHM,Asia,7686850,850.610221173097,103.981986999512,116.2
Cambodia,1992,17,193,KHM,Asia,8113083,862.478030887335,NA,116.5
Cambodia,1993,82,484,KHM,Asia,8616381,845.382004291868,NA,117.4
Cambodia,1994,73,572,KHM,Asia,9239162,513.967147967874,104.670349121094,118.6
Cambodia,1995,100,723,KHM,Asia,10018497,520.926883186145,99.2087478637695,119.7
Cambodia,1996,89,846,KHM,Asia,10801270,511.670349597704,NA,120.1
Cambodia,1997,50,444,KHM,Asia,11570982,496.770551310941,95.8664703369141,119.4
Cambodia,1998,35,274,KHM,Asia,12058173,499.016649050833,94.2373809814453,117.3
Cambodia,1999,1,0,KHM,Asia,12265731,552.901492232643,98.3724899291992,113
Cambodia,2000,4,4,KHM,Asia,12462336,598.561915252147,102.792739868164,105.9
Cambodia,2003,1,1,KHM,Asia,13050968,719.333494240509,126.512390136719,78
Cambodia,2007,1,2,KHM,Asia,13841770,1030.23117620792,127.717086791992,55.4
Cambodia,2008,1,2,KHM,Asia,14053479,1090.57475806147,124.066017150879,51.3
Cambodia,2009,1,2,KHM,Asia,14276810,1117.25834194514,123.781600952148,47.4
Cambodia,2011,3,10,KHM,Asia,14722584,1221.38839852454,118.762440557356,40.5
Cambodia,2012,2,1,KHM,Asia,14945085,1295.25271477893,115.41843697639,37.7
Cameroon,1990,1,6,CMR,Africa,11331821,1360.47765296011,100.785026550293,136.6
Cameroon,1991,1,50,CMR,Africa,11667180,1271.04658608388,98.597900390625,138.2
Cameroon,1992,3,25,CMR,Africa,12006353,1196.85081918895,93.2530364990234,140.4
Cameroon,1993,5,47,CMR,Africa,12353131,1070.98275377636,NA,142.7
Cameroon,1994,7,102,CMR,Africa,12704903,1060.87326552909,86.8649978637695,145
Cameroon,1996,3,56,CMR,Africa,13414757,1077.38925202961,77.7473068237305,148.1
Cameroon,1998,4,52,CMR,Africa,14144860,1118.50819963079,83.5967636108398,148
Cameroon,2000,4,2,CMR,Africa,14912631,1151.27689302947,88.4889526367188,144.4
Cameroon,2001,2,0,CMR,Africa,15309490,1169.92670464984,104.278312683105,141.4
Cameroon,2004,1,0,CMR,Africa,16610487,1271.74326874167,109.464706420898,131.3
Cameroon,2005,3,0,CMR,Africa,17074594,1264.74345218659,107.316940307617,128.1
Cameroon,2008,1,0,CMR,Africa,18574056,1295.02211276052,107.606048583984,117.7
Cameroon,2009,1,0,CMR,Africa,19113974,1290.89961351149,109.50218963623,114.3
Cameroon,2013,1,1,CMR,Africa,21402376,1347.2130636706,NA,97.3
Cameroon,2014,51,1047,CMR,Africa,22059893,1381.81938454907,115.30420057953,93.1
Cameroon,2015,62,1263,CMR,Africa,22763414,1415.00009710569,117.753568320161,89
Cameroon,2016,97,491,CMR,Africa,23454161,1435.61830727839,117.173043298412,85.6
Cameroon,2017,138,410,CMR,Africa,24128601,1444.90682916573,111.221389894314,82.5
Cameroon,2018,253,1013,CMR,Africa,24806383,1461.01969999317,104.334202125375,79.7
Cameroon,2019,248,868,CMR,Africa,25506095,1470.31785276187,106.75480128827,77.2
Cameroon,2020,261,792,CMR,Africa,26210558,1434.51913723409,NA,74.6
Cameroon,2021,278,827,CMR,Africa,26915758,1443.57600237663,110.107790367283,72.1
Cameroon,2022,225,667,CMR,Africa,27632771,1458.66180431693,112.494636113484,69.5
Cameroon,2023,294,638,CMR,Africa,28372687,1468.17837007337,114.424832636759,67.2
Cameroon,2024,193,421,CMR,Africa,29123744,1480.73097431993,114.407278765947,NA
Canada,1994,3,3,CAN,Americas,29000663,32074.1562636226,NA,7.2
Canada,1995,9,24,CAN,Americas,29302311,32595.4515150443,NA,6.9
Canada,1996,1,2,CAN,Americas,29610218,32801.3018574024,NA,6.7
Canada,1997,1,2,CAN,Americas,29905948,33867.0079071879,NA,6.5
Canada,1998,9,27,CAN,Americas,30155173,34894.6134264056,NA,6.4
Canada,1999,3,11,CAN,Americas,30401286,36391.535343959,NA,6.3
Canada,2000,8,23,CAN,Americas,30685730,37906.8601321366,99.4177627563477,6.2
Canada,2001,1,1,CAN,Americas,31020855,38200.456120621,NA,6.2
Central African Republic,1991,1,0,CAF,Africa,2963191,500.991150890901,64.9651412963867,177.1
Central African Republic,1992,1,3,CAF,Africa,3058831,454.148968239471,56.0248184204102,176.6
Central African Republic,1993,3,4,CAF,Africa,3157839,441.384907508364,NA,176
Central African Republic,1999,1,5,CAF,Africa,3729450,460.827900216085,NA,168
Central African Republic,2000,1,6,CAF,Africa,3833416,437.168928414826,NA,165.5
Central African Republic,2001,21,216,CAF,Africa,3919487,446.658634192083,68.3127670288086,162.8
Central African Republic,2002,14,152,CAF,Africa,4006077,452.808702217035,60.4311485290527,159.4
Central African Republic,2003,5,19,CAF,Africa,4103086,418.240532289858,59.6871795654297,156
Central African Republic,2004,3,23,CAF,Africa,4192826,433.825227770233,51.2870597839355,152.2
Central African Republic,2005,6,8,CAF,Africa,4288810,427.968043155237,57.085090637207,148.4
Central African Republic,2006,42,190,CAF,Africa,4377579,439.294330902768,56.7010307312012,143.8
Central African Republic,2007,23,143,CAF,Africa,4462770,450.762785401893,65.5534591674805,139.5
Central African Republic,2008,5,8,CAF,Africa,4558984,450.313616886022,75.8503494262695,135.6
Central African Republic,2009,61,244,CAF,Africa,4529047,492.215398914836,77.4299163818359,478.9
Central African Republic,2010,43,148,CAF,Africa,4492995,519.141456408484,81.2789535522461,149.2
Central African Republic,2011,23,195,CAF,Africa,4565021,532.38295493852,81.3504028320312,125.4
Central African Republic,2012,31,132,CAF,Africa,4610848,553.729578314912,81.9315032958984,122.3
Central African Republic,2013,186,3396,CAF,Africa,4642419,349.821171688973,NA,133.6
Central African Republic,2014,461,3493,CAF,Africa,4623182,351.561554911625,NA,182.6
Central African Republic,2015,150,745,CAF,Africa,4629320,366.322853938121,NA,114.1
Central African Republic,2016,70,688,CAF,Africa,4713663,376.858254120398,96.8125991821289,126.1
Central African Republic,2017,222,1865,CAF,Africa,4793511,387.35795131742,NA,152.4
Central African Republic,2018,88,640,CAF,Africa,4878657,395.020015455909,NA,119.8
Central African Republic,2019,64,501,CAF,Africa,4944703,401.82582161435,NA,243.1
Central African Republic,2020,56,299,CAF,Africa,5026628,398.834274122139,NA,122.6
Central African Republic,2021,167,1080,CAF,Africa,5112100,396.020622931961,NA,171.3
Central African Republic,2022,105,773,CAF,Africa,5098039,398.91539795642,NA,387.4
Central African Republic,2023,86,423,CAF,Africa,5152421,397.467795750451,NA,92.2
Central African Republic,2024,92,485,CAF,Africa,5330690,389.938307964229,NA,NA
Chad,1989,3,50,TCD,Africa,NA,NA,NA,NA
Chad,1990,19,686,TCD,Africa,5982833,602.670685766624,50.201831817627,211.6
Chad,1991,6,95,TCD,Africa,6205676,630.620682685597,51.7041816711426,208.8
Chad,1992,31,1190,TCD,Africa,6474656,652.785002163699,54.2162704467773,206
Chad,1993,15,313,TCD,Africa,6629146,537.410535921164,51.1670608520508,203.3
Chad,1994,17,521,TCD,Africa,6783450,578.423503776262,48.0736198425293,200.7
Chad,1995,17,53,TCD,Africa,7089064,560.331446834029,46.2236404418945,198.1
Chad,1996,3,4,TCD,Africa,7410108,547.925799466002,47.8558883666992,195.5
Chad,1997,8,134,TCD,Africa,7670366,559.259855835883,52.9586486816406,192.8
Chad,1998,9,198,TCD,Africa,7938840,577.909573468712,58.5063781738281,189.9
Chad,1999,12,394,TCD,Africa,8222705,554.148900757095,59.3764801025391,186.8
Chad,2000,14,1070,TCD,Africa,8512093,530.600331270541,61.5406112670898,183.6
Chad,2001,6,230,TCD,Africa,8804124,572.806706828797,63.8990707397461,180.2
Chad,2002,9,297,TCD,Africa,9116192,600.171451974641,68.0197525024414,176.8
Chad,2003,4,37,TCD,Africa,9487833,661.556916681677,70.0718002319336,173.4
Chad,2004,10,80,TCD,Africa,9920036,845.518131173419,73.4543685913086,170
Chad,2005,8,267,TCD,Africa,10328092,952.871910097036,70.3077011108398,166.5
Chad,2006,62,1956,TCD,Africa,10706424,914.210664598894,69.8574600219727,162.9
Chad,2007,19,431,TCD,Africa,11081660,920.352815674967,68.6545715332031,159.2
Chad,2008,15,994,TCD,Africa,11476296,916.087274632505,76.3880767822266,155.4
Chad,2009,12,135,TCD,Africa,11893754,871.485311273077,80.8705368041992,151.5
Chad,2010,1,4,TCD,Africa,12312575,956.953018715651,80.9052801607022,147.7
Chad,2014,3,16,TCD,Africa,14188678,993.321157708395,98.3155212402344,133
Chad,2015,29,397,TCD,Africa,14647621,993.990730610869,87.9123364402014,129.3
Chad,2016,7,26,TCD,Africa,15114655,923.56587204799,82.5545773262248,125.7
Chad,2017,6,91,TCD,Africa,15622759,879.075895466718,74.213606832584,122
Chad,2018,12,168,TCD,Africa,16156531,898.834794007399,84.3438820337693,118.3
Chad,2019,23,253,TCD,Africa,16685223,917.203710065059,83.264215851602,114.6
Chad,2020,26,249,TCD,Africa,17224679,884.980541933197,NA,111
Chad,2021,13,667,TCD,Africa,17828273,857.527630579087,86.1454303891421,107.6
Chad,2022,12,114,TCD,Africa,18455316,862.60212817252,87.0347316780628,104.3
Chad,2023,11,112,TCD,Africa,19319064,856.832488745342,88.3436578594334,101.1
Chad,2024,24,195,TCD,Africa,20299123,849.707321000625,88.464521953345,NA
China,1989,3,2600,CHN,Asia,NA,NA,NA,NA
China,1990,3,22,CHN,Asia,1135185000,917.270661782581,120.852439880371,53.7
China,1997,2,4,CHN,Asia,1230075000,1819.09789302268,110.200721740723,43.6
China,1999,3,0,CHN,Asia,1252735000,2076.81812919622,NA,39.1
China,2005,2,12,CHN,Asia,1303720000,3465.81734409951,NA,24
China,2007,1,0,CHN,Asia,1317885000,4409.75700836878,105.438949584961,20.1
China,2008,16,87,CHN,Asia,1324655000,4811.47471804961,106.201782226562,18.5
China,2009,5,189,CHN,Asia,1331260000,5237.76666540352,105.59065246582,17.1
China,2015,1,5,CHN,Asia,1379860000,8175.33285077393,96.340011477005,10.7
China,2017,2,6,CHN,Asia,1396215000,9221.51403820573,97.5379880463436,9.2
China,2023,1,1,CHN,Asia,1410710000,12484.1578844175,99.1718634239571,6.2
Colombia,1989,53,384,COL,Americas,NA,NA,NA,NA
Colombia,1990,100,712,COL,Americas,32440069,3714.1849928328,NA,35.7
Colombia,1991,128,872,COL,Americas,33098372,3713.17727535576,NA,34.5
Colombia,1992,103,1500,COL,Americas,33760571,3787.5942918216,NA,33.3
Colombia,1993,47,302,COL,Americas,34441473,3912.6590835796,NA,32.1
Colombia,1994,70,1211,COL,Americas,35127410,4059.32146113882,NA,31
Colombia,1995,77,943,COL,Americas,35804662,4189.72770913999,NA,29.9
Colombia,1996,150,1401,COL,Americas,36462745,4198.69126252708,NA,28.8
Colombia,1997,181,891,COL,Americas,37121149,4265.6935185646,NA,27.8
Colombia,1998,145,1646,COL,Americas,37792165,4213.82800470051,NA,26.8
Colombia,1999,394,2638,COL,Americas,38454863,3967.11339937681,NA,25.9
Colombia,2000,1334,4388,COL,Americas,39089934,4016.80951748167,124.298286437988,25.1
Colombia,2001,1365,4611,COL,Americas,39709262,4020.50789754842,121.088790893555,24.3
Colombia,2002,1908,6012,COL,Americas,40324680,4058.28493578738,121.778861999512,23.5
Colombia,2003,2264,4678,COL,Americas,40937429,4154.17528523618,NA,22.8
Colombia,2004,1745,3380,COL,Americas,41543171,4311.91591255233,122.84008026123,22.2
Colombia,2005,1291,2888,COL,Americas,42128977,4457.27537460443,124.040641784668,21.5
Colombia,2006,364,945,COL,Americas,42691084,4694.03442939175,124.619491577148,20.9
Colombia,2007,319,683,COL,Americas,43235374,4947.25260813108,125.468856811523,20.2
Colombia,2008,336,643,COL,Americas,43758808,5048.57187245249,126.483901977539,19.6
Colombia,2009,137,501,COL,Americas,44271541,5046.97121757727,128.164978027344,18.9
Colombia,2010,88,442,COL,Americas,44777319,5214.24547620131,124.375137329102,18.3
Colombia,2011,60,227,COL,Americas,45259614,5517.1011086899,121.831283569336,17.7
Colombia,2012,37,227,COL,Americas,45715810,5675.75617978305,118.63996887207,17.2
Colombia,2013,22,140,COL,Americas,46151584,5910.80592301166,119.084732055664,16.6
Colombia,2014,48,157,COL,Americas,46565429,6121.83982019825,116.080101013184,16.1
Colombia,2015,33,144,COL,Americas,46969940,6248.51490534512,115.497077941895,15.6
Colombia,2016,101,85,COL,Americas,47437512,6316.07067782542,115.443153381348,15.1
Colombia,2017,155,107,COL,Americas,48131078,6309.67745292518,113.305381774902,14.6
Colombia,2018,170,253,COL,Americas,49024465,6353.5464285392,111.699180603027,14.1
Colombia,2019,109,219,COL,Americas,49907985,6439.96359812647,109.355506896973,13.7
Colombia,2020,144,196,COL,Americas,50629997,5891.9552321540305,107.083686828613,13.2
Colombia,2021,160,291,COL,Americas,51188173,6457.16921807086,106.488357543945,12.8
Colombia,2022,172,360,COL,Americas,51737944,6856.72590505374,104.830467224121,12.4
Colombia,2023,413,534,COL,Americas,52321152,6828.59753791113,NA,12
Colombia,2024,397,664,COL,Americas,52886363,6863.59563194342,NA,NA
Comoros,1989,2,29,COM,Africa,NA,NA,NA,NA
Comoros,1997,2,56,COM,Africa,507777,1194.79487327423,NA,90
Comoros,1998,3,40,COM,Africa,516597,1174.68989605102,89.9497909545898,86.3
Congo - Brazzaville,1992,1,2,COG,Africa,2519465,2346.67913794406,119.88028717041,95.4
Congo - Brazzaville,1993,10,135,COG,Africa,2595124,2255.94360801961,121.374877929688,98.4
Congo - Brazzaville,1994,8,18,COG,Africa,2673144,2069.79640456567,116.69654083252,101.6
Congo - Brazzaville,1995,1,2,COG,Africa,2749461,2092.54337905245,116.231101989746,105.2
Congo - Brazzaville,1996,2,1,COG,Africa,2826785,2122.62819294837,108.318649291992,108.7
Congo - Brazzaville,1997,57,10412,COG,Africa,2887862,2064.7536042465,106.237922668457,111.9
Congo - Brazzaville,1998,54,3763,COG,Africa,2952061,2095.34403570595,89.0105819702148,114.2
Congo - Brazzaville,1999,48,948,COG,Africa,3032874,1986.8478922289,56.1855697631836,114.9
Congo - Brazzaville,2001,1,3,COG,Africa,3272537,2056.16505922617,96.804557800293,110.7
Congo - Brazzaville,2002,24,234,COG,Africa,3350771,2100.16876714574,99.1403732299805,106
Congo - Brazzaville,2003,6,33,COG,Africa,3445753,2058.88683675038,94.0452423095703,100.1
Congo - Brazzaville,2005,5,15,COG,Africa,3696393,2140.03686200251,105.244941711426,86.6
Congo - Brazzaville,2007,1,2,COG,Africa,3980430,2004.10103961966,104.983001708984,74.3
Congo - Brazzaville,2008,1,1,COG,Africa,4113517,2061.55829880574,103.227241516113,69.5
Congo - Brazzaville,2011,1,1,COG,Africa,4609724,2307.49384399715,108.505096435547,60.2
Congo - Brazzaville,2012,2,2,COG,Africa,4740450,2467.06102906839,105.514228820801,58.2
Congo - Brazzaville,2015,1,0,COG,Africa,5097581,2439.35189403696,NA,52.7
Congo - Brazzaville,2016,8,73,COG,Africa,5222536,2174.19310251224,NA,50.9
Congo - Brazzaville,2017,3,20,COG,Africa,5351011,2003.27121075187,NA,49.3
Congo - Brazzaville,2019,2,0,COG,Africa,5616661,1885.51080877731,NA,52.4
Congo - Brazzaville,2020,1,0,COG,Africa,5752791,1725.51040049963,NA,44.7
Congo - Brazzaville,2022,2,3,COG,Africa,6035104,1686.00234391385,NA,41.9
Croatia,1992,33,142,HRV,Europe,4575818,7095.22695946955,NA,11.5
Croatia,1993,55,373,HRV,Europe,4600463,6490.8345795673,NA,10.9
Croatia,1995,69,963,HRV,Europe,4620030,7304.70928464758,NA,10
Congo - Kinshasa,1989,3,28,COD,Africa,NA,NA,NA,NA
Congo - Kinshasa,1990,4,147,COD,Africa,36684063,831.662947440969,59.3284606933594,185.3
Congo - Kinshasa,1991,7,32,COD,Africa,37925817,736.691215470812,75.9388580322266,183.1
Congo - Kinshasa,1992,11,67,COD,Africa,39228910,637.436883335816,74.0831527709961,181
Congo - Kinshasa,1993,20,3337,COD,Africa,40656336,532.214450612231,75.1207504272461,178.8
Congo - Kinshasa,1994,16,332,COD,Africa,42626876,487.814601480181,73.3186111450195,176.9
Congo - Kinshasa,1995,16,526,COD,Africa,44433704,471.254216678637,77.1509399414062,174.8
Congo - Kinshasa,1996,209,34307,COD,Africa,45296124,457.55178560632,NA,172.5
Congo - Kinshasa,1997,137,13897,COD,Africa,46029902,424.966609734203,NA,169.9
Congo - Kinshasa,1998,118,7717,COD,Africa,47297600,406.859287635037,62.3416213989258,166.8
Congo - Kinshasa,1999,168,7849,COD,Africa,48912971,376.62289344811,50.2562294006348,163.2
Congo - Kinshasa,2000,115,3055,COD,Africa,50507442,339.52682222392,NA,159.2
Congo - Kinshasa,2001,66,1490,COD,Africa,52132646,322.033920024307,NA,154.8
Congo - Kinshasa,2002,136,7945,COD,Africa,53750524,321.547848190451,61.0335998535156,150.2
Congo - Kinshasa,2003,82,4324,COD,Africa,55343867,329.709536540469,NA,145.5
Congo - Kinshasa,2004,31,782,COD,Africa,56997741,341.714925751419,NA,140.7
Congo - Kinshasa,2005,25,305,COD,Africa,58775724,351.708486411683,NA,135.9
Congo - Kinshasa,2006,80,390,COD,Africa,60615908,358.454382275579,NA,131.1
Congo - Kinshasa,2007,112,879,COD,Africa,62477752,377.437143095814,83.5494232177734,126.5
Congo - Kinshasa,2008,105,1740,COD,Africa,64390664,393.331182464822,91.8869476318359,121.9
Congo - Kinshasa,2009,551,5308,COD,Africa,66412044,383.515898271062,91.9076995849609,117.5
Congo - Kinshasa,2010,87,1088,COD,Africa,68563038,400.619567973092,92.0860977172852,113.5
Congo - Kinshasa,2011,165,552,COD,Africa,70849311,417.130434045991,93.5223922729492,109.6
Congo - Kinshasa,2012,156,1838,COD,Africa,73254618,438.406058243633,98.2439804077148,106
Congo - Kinshasa,2013,161,2197,COD,Africa,75789395,464.526715460494,99.9129028320312,102.5
Congo - Kinshasa,2014,128,1624,COD,Africa,78403242,481.830241883776,103.857719421387,99
Congo - Kinshasa,2015,124,737,COD,Africa,81035531,495.826633014883,102.056510925293,95.6
Congo - Kinshasa,2016,211,2194,COD,Africa,83956415,480.461377880475,NA,92.3
Congo - Kinshasa,2017,503,5975,COD,Africa,87083398,482.854682128541,NA,89.3
Congo - Kinshasa,2018,462,3147,COD,Africa,90047644,495.312105711027,111.488670349121,86.3
Congo - Kinshasa,2019,441,2529,COD,Africa,92947442,482.524295129472,NA,83.5
Congo - Kinshasa,2020,832,4008,COD,Africa,95989998,470.852950000929,115.898292541504,80.7
Congo - Kinshasa,2021,809,3723,COD,Africa,99148932,485.160805929784,120.068450927734,78.1
Congo - Kinshasa,2022,1199,5967,COD,Africa,102396968,513.512704372167,NA,75.7
Congo - Kinshasa,2023,828,3936,COD,Africa,105789731,539.45912637913,117.602096557617,73.2
Congo - Kinshasa,2024,783,5409,COD,Africa,109276265,554.244129980766,NA,NA
Djibouti,1989,1,6,DJI,Africa,NA,NA,NA,NA
Djibouti,1990,1,60,DJI,Africa,579538,NA,NA,116.3
Djibouti,1991,9,134,DJI,Africa,631092,NA,NA,114
Djibouti,1992,11,129,DJI,Africa,626010,NA,NA,112.2
Djibouti,1993,12,33,DJI,Africa,614245,NA,NA,110.6
Djibouti,1994,5,39,DJI,Africa,626710,NA,NA,109.3
Djibouti,1995,4,18,DJI,Africa,633074,NA,NA,107.9
Djibouti,1996,2,0,DJI,Africa,648348,NA,NA,106.6
Djibouti,1997,1,11,DJI,Africa,671817,NA,NA,105.1
Djibouti,1998,2,16,DJI,Africa,699352,NA,NA,103.4
Djibouti,1999,8,25,DJI,Africa,724218,NA,NA,101.5
Djibouti,2008,2,35,DJI,Africa,892734,NA,NA,80.3
Djibouti,2014,1,1,DJI,Africa,1002717,2253.14082249768,NA,67.2
Djibouti,2018,1,6,DJI,Africa,1071882,2677.1650334451,NA,59.4
Djibouti,2021,1,3,DJI,Africa,1121248,2854.15987035097,NA,53.8
Ecuador,1995,4,11,ECU,Americas,11590514,4100.68735341031,NA,40.8
Ecuador,2001,1,2,ECU,Americas,12910740,4049.0001889951,108.008460998535,28.1
Ecuador,2003,1,26,ECU,Americas,13372306,4220.21298466638,108.234580993652,25.7
Ecuador,2005,1,3,ECU,Americas,13846163,4589.32849203452,107.851249694824,23.7
Ecuador,2006,1,2,ECU,Americas,14086131,4706.98056823816,108.028701782227,22.8
Ecuador,2007,1,2,ECU,Americas,14328773,4715.30359842555,109.574661254883,21.9
Ecuador,2008,3,53,ECU,Americas,14575202,4939.90215021789,107.735610961914,21
Ecuador,2019,1,2,ECU,Americas,17340021,5971.38938386723,98.3159782205083,13.8
Ecuador,2020,1,11,ECU,Americas,17546065,5355.68934196443,98.1163823787708,13.6
Ecuador,2021,8,291,ECU,Americas,17682454,5815.09477390949,98.1757597284585,13.4
Ecuador,2022,11,118,ECU,Americas,17823897,6107.49495006543,99.5680141602854,13.2
Ecuador,2023,454,540,ECU,Americas,17980083,6174.81822806637,97.2490097236115,13.1
Ecuador,2024,238,328,ECU,Americas,18135478,5999.39391066593,NA,NA
Egypt,1990,2,4,EGY,Africa,58396618,1972.13789303215,85.9356307983398,85.7
Egypt,1992,5,13,EGY,Africa,61480660,1979.02010131221,80.5505599975586,77.3
Egypt,1993,43,108,EGY,Africa,62915681,1989.9792002068,81.3609390258789,73.1
Egypt,1994,76,162,EGY,Africa,64285589,2024.95373805139,90.4818725585938,68.8
Egypt,1995,118,233,EGY,Africa,65652622,2074.8399114013,83.9342880249023,64.5
Egypt,1996,75,149,EGY,Africa,67028048,2133.64804177125,92.5689926147461,60.4
Egypt,1997,34,143,EGY,Africa,68431740,2204.66575942323,92.3837280273438,56.5
Egypt,1998,10,29,EGY,Africa,69943294,2277.28504834543,NA,52.9
Egypt,1999,2,4,EGY,Africa,71520954,2361.86425101237,90.1850814819336,49.6
Egypt,2000,4,5,EGY,Africa,73083284,2458.60835003016,89.0984268188477,46.6
Egypt,2004,3,35,EGY,Africa,79477443,2574.42341789124,89.3801803588867,37.5
Egypt,2005,4,124,EGY,Africa,81101004,2635.70305227819,89.0111618041992,35.7
Egypt,2006,2,2,EGY,Africa,82700403,2761.62410769792,90.0128402709961,34.1
Egypt,2008,2,2,EGY,Africa,85864789,3052.21297844721,NA,31.2
Egypt,2009,2,1,EGY,Africa,87501636,3135.09661303014,91.2096481323242,29.9
Egypt,2010,1,1,EGY,Africa,89196072,3233.84521246786,90.9477588784227,28.6
Egypt,2011,4,31,EGY,Africa,91093059,3222.37650111856,87.469737936967,27.4
Egypt,2012,2,75,EGY,Africa,93161001,3220.99194203067,91.8601632814812,26.2
Egypt,2013,46,135,EGY,Africa,95333553,3216.3783902629,91.5819650596849,25.2
Egypt,2014,45,249,EGY,Africa,97528654,3235.66246235257,89.1874065189482,24.1
Egypt,2015,60,991,EGY,Africa,99597342,3306.98159414141,NA,23.3
Egypt,2016,40,404,EGY,Africa,101644589,3381.22246306207,90.1130487612999,22.4
Egypt,2017,111,902,EGY,Africa,103696057,3452.90961245539,90.6515125272044,21.6
Egypt,2018,86,692,EGY,Africa,105682094,3568.63966286161,92.6909066089532,20.8
Egypt,2019,120,664,EGY,Africa,107553158,3701.2446345188,94.2500854039165,20.1
Egypt,2020,124,547,EGY,Africa,109315124,3770.86947867421,95.6433012164233,19.4
Egypt,2021,64,124,EGY,Africa,110957008,3837.31992324447,97.0010583504222,18.7
Egypt,2022,68,236,EGY,Africa,112618250,4029.78295457978,89.5100870340285,18.1
Egypt,2023,4,6,EGY,Africa,114535772,4111.3118478995,95.9217069393801,17.5
El Salvador,1989,58,4924,SLV,Americas,NA,NA,NA,NA
El Salvador,1990,46,849,SLV,Americas,5399726,2348.20460167761,NA,59.4
El Salvador,1991,10,88,SLV,Americas,5495077,2341.93382299132,92.8091506958008,56.1
El Salvador,1992,1,4,SLV,Americas,5585609,2465.75989060719,93.6843719482422,53
El Salvador,2004,1,34,SLV,Americas,6004671,3081.23629665234,117.880020141602,25.5
El Salvador,2009,2,5,SLV,Americas,6048279,3337.81150878211,111.723289489746,19.4
El Salvador,2010,2,2,SLV,Americas,6068249,3398.49346060363,111.703523728467,18.4
El Salvador,2015,1,1,SLV,Americas,6183676,3790.34089108162,104.056527416248,14.5
El Salvador,2017,1,1,SLV,Americas,6213533,3954.84014277572,98.3138463687883,13.3
El Salvador,2019,1,1,SLV,Americas,6222318,4143.11437097867,91.6274097482467,12.2
El Salvador,2021,2,9,SLV,Americas,6255782,4247.54750394978,89.0818774059816,11.2
El Salvador,2022,68,88,SLV,Americas,6280319,4355.96083888359,89.1304089502047,10.8
Eritrea,1993,1,21,ERI,Africa,1856006,705.988405158037,76.8191680908203,130.7
Eritrea,1996,2,14,ERI,Africa,2128464,838.660572635214,87.8335723876953,107.5
Eritrea,1997,9,31,ERI,Africa,2152135,895.033773452053,84.1628875732422,100.9
Eritrea,1998,3,792,ERI,Africa,2180419,899.082974199102,NA,95.1
Eritrea,1999,13,17203,ERI,Africa,2212780,886.053679218386,86.28955078125,108.6
Eritrea,2000,10,1793,ERI,Africa,2247031,845.132430060544,95.3378219604492,85.3
Eritrea,2003,9,57,ERI,Africa,2493903,830.379672282601,107.540420532227,73.8
Eritrea,2008,1,0,ERI,Africa,2816327,693.398874212494,81.1434326171875,59.4
Eritrea,2016,1,25,ERI,Africa,3124698,NA,NA,44.6
Eritrea,2022,4,4,ERI,Africa,3409447,NA,89.7312469482422,36.6
Ethiopia,1989,72,25385,ETH,Africa,NA,NA,NA,NA
Ethiopia,1990,110,49856,ETH,Africa,47609755,267.078134508598,35.6632194519043,201.7
Ethiopia,1991,44,12440,ETH,Africa,49717198,237.502454667904,32.24951171875,196.7
Ethiopia,1992,16,1026,ETH,Africa,51853747,207.967880879774,26.0608501434326,191.3
Ethiopia,1993,13,133,ETH,Africa,53708891,227.173295614208,22.7072906494141,185.4
Ethiopia,1994,5,76,ETH,Africa,55611508,226.399912642527,26.9080104827881,179
Ethiopia,1995,9,1043,ETH,Africa,57537335,232.230450633845,30.682279586792,172.4
Ethiopia,1996,5,65,ETH,Africa,59467635,252.612985005506,36.3454704284668,165.8
Ethiopia,1997,4,12,ETH,Africa,61404539,252.311666681832,41.0171699523926,159.2
Ethiopia,1998,21,1027,ETH,Africa,63363524,236.05551452188,49.6886405944824,152.9
Ethiopia,1999,42,30786,ETH,Africa,65374561,240.604711286049,48.1957511901855,146.7
Ethiopia,2000,77,48666,ETH,Africa,67411494,247.505413659694,52.2387313842773,140.4
Ethiopia,2001,52,388,ETH,Africa,69487762,260.04231608135,57.1306991577148,134.1
Ethiopia,2002,124,809,ETH,Africa,71635517,256.066635883709,59.6043586730957,127.7
Ethiopia,2003,69,1093,ETH,Africa,73832663,243.076666020009,60.7021408081055,121.4
Ethiopia,2004,126,475,ETH,Africa,76077206,267.923513391712,63.5657081604004,115
Ethiopia,2005,90,290,ETH,Africa,78367470,290.833381425059,74.5096893310547,108.8
Ethiopia,2006,102,430,ETH,Africa,80703490,313.013896721503,79.2329330444336,102.9
Ethiopia,2007,145,500,ETH,Africa,83103217,338.799064654308,85.4697265625,97.4
Ethiopia,2008,83,311,ETH,Africa,85543668,364.642208155735,91.4530181884766,92.3
Ethiopia,2009,87,590,ETH,Africa,88007636,385.632419711374,90.3419418334961,87.6
Ethiopia,2010,98,152,ETH,Africa,90538514,421.898622378633,88.511037030714,83.2
Ethiopia,2011,92,66,ETH,Africa,93149970,455.909628648555,90.6282577514648,79.1
Ethiopia,2012,90,391,ETH,Africa,95798767,481.639999909808,89.9253221073517,75.3
Ethiopia,2013,54,88,ETH,Africa,98438751,518.324662208106,NA,71.6
Ethiopia,2014,27,139,ETH,Africa,101115610,556.362532243867,93.1145890062913,68.2
Ethiopia,2015,97,307,ETH,Africa,103867135,597.912113218663,94.0857534729235,64.9
Ethiopia,2016,148,529,ETH,Africa,106718162,636.835680951429,NA,61.7
Ethiopia,2017,41,488,ETH,Africa,109666481,678.98541915757,101.223991472845,58.9
Ethiopia,2018,63,713,ETH,Africa,112664152,705.96881207336,NA,56.4
Ethiopia,2019,63,425,ETH,Africa,115737383,744.702789753973,NA,54.1
Ethiopia,2020,263,24429,ETH,Africa,118917671,768.705424485209,112.6701710274,52
Ethiopia,2021,730,129516,ETH,Africa,122138588,790.65701959778,101.338920969252,50
Ethiopia,2022,879,165025,ETH,Africa,125384287,811.177729326201,84.6317733971345,48.2
Ethiopia,2023,579,2346,ETH,Africa,128691692,842.44660489404,83.7319745881618,46.5
Ethiopia,2024,866,4072,ETH,Africa,132059767,883.458588619291,84.4160102082984,NA
France,1992,1,0,FRA,Europe,58846584,28482.5194675509,NA,8.1
France,1995,1,8,FRA,Europe,59541294,29379.6158424052,NA,6.5
France,1996,1,0,FRA,Europe,59754504,29683.7786067651,NA,6.1
France,2007,1,2,FRA,Europe,64016890,36322.1685141004,103.85977935791,4.4
France,2012,1,4,FRA,Europe,65657659,36161.2918253465,102.523162841797,4.1
France,2015,2,133,FRA,Europe,66548272,36702.4323733379,101.989639282227,4.2
France,2016,2,87,FRA,Europe,66724104,36920.5342846914,102.260429382324,4.2
France,2017,1,2,FRA,Europe,66918020,37580.5979329356,102.417221069336,4.2
France,2018,8,13,FRA,Europe,67158348,38062.4435961412,102.464408874512,4.2
France,2023,42,48,FRA,Europe,68372286,39319.4152227295,103.265121459961,4.3
France,2024,3,3,FRA,Europe,68551653,39683.3953489029,NA,NA
Gambia,1996,1,0,GMB,Africa,1301410,605.40992484126,58.9246101379395,133.1
Gambia,2004,1,1,GMB,Africa,1621312,693.563314497133,73.5793991088867,95.2
Gambia,2005,2,8,GMB,Africa,1667037,658.676285443081,72.1908874511719,91.1
Gambia,2012,1,1,GMB,Africa,2043094,639.139881889048,75.4592652374635,67.3
Gambia,2024,1,1,GMB,Africa,2759988,758.96588872906,98.6058833319274,NA
Georgia,1991,6,52,GEO,Asia,4835900,2768.81016089293,93.3088531494141,47.2
Georgia,1992,96,775,GEO,Asia,4873500,1513.85017404463,91.0941390991211,46.8
Georgia,1993,113,1837,GEO,Asia,4911100,1062.09528080207,82.0598220825195,46.3
Georgia,1995,3,52,GEO,Asia,4657722,1029.48054628347,82.6347198486328,44.7
Georgia,1997,5,26,GEO,Asia,4349913,1354.78352202066,88.5605697631836,42.2
Georgia,1998,3,38,GEO,Asia,4243607,1431.79336069224,94.9048309326172,40.5
Georgia,2002,2,0,GEO,Asia,3978515,1768.5970116888,112.332733154297,31.3
Georgia,2004,13,27,GEO,Asia,3927340,2105.00472843799,112.910789489746,26
Georgia,2008,12,621,GEO,Asia,3848449,2970.15858282428,109.99112701416,17.2
Georgia,2010,4,3,GEO,Asia,3786695,3090.06513662318,107.155245895564,14.1
Georgia,2011,1,0,GEO,Asia,3756441,3362.1030031968,107.761952206271,13
Georgia,2023,1,1,GEO,Asia,3715483,6180.6206023429,100.887260863464,9.2
Germany,1989,2,3,DEU,Europe,NA,NA,NA,NA
Germany,1990,1,1,DEU,Europe,79433029,29763.3124657124,NA,8.5
Germany,1992,1,4,DEU,Europe,80624598,31441.9743477578,NA,7.6
Germany,2016,1,12,DEU,Europe,82348669,42516.9337063103,101.406066894531,3.9
Germany,2024,1,3,DEU,Europe,83516593,44027.7631554469,NA,NA
Ghana,1991,2,30,GHA,Africa,15787496,878.63570406594,72.6733016967773,123.3
Ghana,1992,2,63,GHA,Africa,16184855,890.313174799419,73.6917495727539,120.1
Ghana,1993,1,2,GHA,Africa,16589519,910.722897752222,72.8280868530273,117.7
Ghana,1994,9,2004,GHA,Africa,16993190,918.428722656692,73.9287719726562,116
Ghana,1995,8,155,GHA,Africa,17399017,933.895311664356,72.9929962158203,114.5
Ghana,2000,1,30,GHA,Africa,19637087,1022.27520714566,79.9403762817383,100.2
Ghana,2001,1,50,GHA,Africa,20167069,1035.22666053257,75.4195938110352,96.1
Ghana,2002,1,36,GHA,Africa,20729388,1052.46591644399,78.8475799560547,92.1
Ghana,2008,10,55,GHA,Africa,24249946,1282.63416886747,100.841491699219,73.1
Ghana,2009,2,8,GHA,Africa,24862664,1311.63053760125,99.0773620605469,69.9
Ghana,2010,1,1,GHA,Africa,25474995,1381.2279503506,NA,66.5
Ghana,2022,5,16,GHA,Africa,33149152,2067.20895910766,98.2318953247047,38.5
Ghana,2023,9,15,GHA,Africa,33787914,2091.8133564595,NA,37.1
Ghana,2024,3,7,GHA,Africa,34427414,2167.72691406678,NA,NA
Guatemala,1989,78,491,GTM,Americas,NA,NA,NA,NA
Guatemala,1990,110,681,GTM,Americas,9024773,2741.53813375037,77.8762588500977,80.4
Guatemala,1991,74,426,GTM,Americas,9272584,2765.88213482886,81.1278686523438,76.8
Guatemala,1992,64,393,GTM,Americas,9522266,2823.67212991373,84.966682434082,73.4
Guatemala,1993,51,218,GTM,Americas,9779761,2857.29628943939,86.3377304077148,70.2
Guatemala,1994,38,287,GTM,Americas,10043718,2894.43116818061,85.6474227905273,67.1
Guatemala,1995,27,122,GTM,Americas,10312996,2958.34840487622,86.888313293457,64.2
Guatemala,1996,11,20,GTM,Americas,10583526,2967.99357852543,86.8436431884766,61.5
Guatemala,1997,1,2,GTM,Americas,10857754,3019.28723341593,86.4837188720703,58.9
Guatemala,1998,1,1,GTM,Americas,11139145,3089.97595220047,91.8508605957031,56.5
Guatemala,2000,1,0,GTM,Americas,11697592,3165.9323746889,98.8193283081055,52.1
Guatemala,2001,1,5,GTM,Americas,11969422,3166.20351297452,99.7040481567383,50
Guatemala,2002,2,2,GTM,Americas,12246915,3213.26837369582,102.802780151367,48
Guatemala,2004,2,1,GTM,Americas,12807402,3250.20406037693,108.796012878418,44.3
Guatemala,2005,5,58,GTM,Americas,13087629,3284.80971612832,109.972137451172,42.6
Guatemala,2007,2,6,GTM,Americas,13652040,3527.7782721364,111.587127685547,39.3
Guatemala,2008,5,41,GTM,Americas,13935174,3569.92861121538,112.624313354492,37.8
Guatemala,2009,1,1,GTM,Americas,14215611,3516.19227725255,118.536636352539,36.2
Guatemala,2011,4,36,GTM,Americas,14792126,3621.37409769184,116.099510743236,33.3
Guatemala,2015,4,24,GTM,Americas,15971743,3893.50533299068,103.756960177093,28.3
Guatemala,2016,1,2,GTM,Americas,16268760,3924.77894837098,101.352012012457,27.2
Guatemala,2021,1,1,GTM,Americas,17598650,4268.62858565412,103.026494452795,22.8
Guatemala,2022,3,13,GTM,Americas,17847877,4385.14891178047,102.998277778394,22.1
Guatemala,2023,2,10,GTM,Americas,18124838,4470.70728455461,102.032228557129,21.4
Guatemala,2024,17,29,GTM,Americas,18406359,4563.09590652717,101.488831252809,NA
Guinea,1994,1,0,GIN,Africa,7345107,555.962782286148,42.4336700439453,207
Guinea,1996,1,27,GIN,Africa,7770035,574.302865750492,49.1412315368652,193
Guinea,1998,3,12,GIN,Africa,8081990,601.907993085373,53.2318687438965,179.2
Guinea,1999,2,13,GIN,Africa,8265123,611.007685844967,55.4408798217773,172.3
Guinea,2000,26,256,GIN,Africa,8428832,614.137235083638,58.3812294006348,165.4
Guinea,2001,4,430,GIN,Africa,8539960,628.320554864936,61.1270217895508,158.6
Guinea,2005,1,3,GIN,Africa,9245844,651.359606871604,77.486198425293,136.6
Guinea,2006,6,15,GIN,Africa,9441171,645.472001923653,79.18359375,132.7
Guinea,2007,21,45,GIN,Africa,9662281,673.698997420626,81.362548828125,129.4
Guinea,2009,3,160,GIN,Africa,10143534,660.756701330284,82.9110794067383,124.1
Guinea,2010,1,1,GIN,Africa,10396086,675.736917327708,85.6168670654297,122
Guinea,2011,1,25,GIN,Africa,10656810,696.199991395571,89.3744888305664,120.1
Guinea,2012,4,9,GIN,Africa,10921581,719.505916794546,91.4924621582031,118.4
Guinea,2013,3,98,GIN,Africa,11191873,729.833143236326,93.5301284790039,116.7
Guinea,2015,1,3,GIN,Africa,11767070,747.356966759448,NA,114.1
Guinea,2019,1,1,GIN,Africa,13034346,926.42221954853,NA,105.7
Guinea,2020,3,49,GIN,Africa,13371183,945.570903389665,100.474517822266,103.2
Guinea,2021,1,1,GIN,Africa,13710513,973.646890096159,NA,100.5
Guinea-Bissau,1992,1,2,GNB,Africa,1024356,574.852002556155,48.1332893371582,213.4
Guinea-Bissau,1998,16,505,GNB,Africa,1187473,502.81554020706,64.9542465209961,184.2
Guinea-Bissau,1999,3,199,GNB,Africa,1210206,576.330795296558,NA,179
Guinea-Bissau,2000,2,0,GNB,Africa,1234741,571.094015178625,75.5002975463867,173.8
Guyana,2008,3,29,GUY,Americas,754606,4472.34517889699,100.129516601562,38.9
Haiti,1989,4,48,HTI,Americas,NA,NA,NA,NA
Haiti,1990,2,2,HTI,Americas,6854441,1627.31264525633,NA,144.9
Haiti,1991,8,270,HTI,Americas,6995450,1624.49598864977,NA,140.8
Haiti,1993,3,37,HTI,Americas,7278181,1398.25464638175,86.9435119628906,132.4
Haiti,1994,4,44,HTI,Americas,7419771,1207.6605445003,92.8898391723633,128
Haiti,1995,1,1,HTI,Americas,7562546,1302.13491168553,99.27197265625,123.7
Haiti,1999,2,11,HTI,Americas,8151296,1356.11344556059,NA,107.2
Haiti,2004,22,231,HTI,Americas,8910263,1286.90282128221,NA,91.4
Haiti,2005,7,40,HTI,Americas,9061273,1304.33303731231,NA,89.1
Haiti,2017,1,8,HTI,Americas,10817754,1432.67228609541,NA,66.1
Haiti,2018,1,71,HTI,Americas,10962362,1437.35251928349,NA,64.2
Haiti,2019,1,1,HTI,Americas,11105163,1394.42114071112,NA,62.3
Haiti,2020,48,166,HTI,Americas,11243848,1331.69778506932,NA,60.4
Haiti,2021,25,140,HTI,Americas,11374586,1292.71954963551,NA,58.5
Haiti,2022,65,236,HTI,Americas,11503606,1256.72143592448,NA,56.9
Haiti,2023,49,454,HTI,Americas,11637398,1219.11871645847,NA,55.1
Haiti,2024,116,1294,HTI,Americas,11772557,1154.87300909888,NA,NA
Honduras,1999,1,9,HND,Americas,6400463,1677.77949120879,104.199028015137,39
Honduras,2000,1,6,HND,Americas,6577773,1789.47798512637,103.204963684082,37.3
Honduras,2002,1,1,HND,Americas,6938859,1807.97305547292,NA,34.1
Honduras,2003,7,40,HND,Americas,7119213,1842.29750018813,108.33374786377,32.6
Honduras,2004,4,30,HND,Americas,7298994,1908.90950050464,106.424087524414,31.1
Honduras,2010,5,44,HND,Americas,8365878,2108.47314459603,99.4327616233952,24.6
Honduras,2012,4,18,HND,Americas,8715076,2188.39378817891,94.1871653490279,22.8
Honduras,2013,2,6,HND,Americas,8889278,2205.40126728067,90.5529233749786,22
Honduras,2014,3,21,HND,Americas,9063122,2229.24772232218,89.4033670410587,21.2
Honduras,2015,13,71,HND,Americas,9237305,2271.20265980349,89.2421539364839,20.5
Honduras,2016,2,10,HND,Americas,9412380,2315.72983058198,88.6465188864987,19.8
Honduras,2018,2,2,HND,Americas,9765210,2430.13503657762,NA,18.4
Honduras,2019,3,40,HND,Americas,9943633,2447.61649282181,85.3644845988859,17.8
Honduras,2020,1,1,HND,Americas,10119640,2189.43168668222,83.6552990388855,17.2
Honduras,2021,4,10,HND,Americas,10289877,2423.76634916911,80.8933611486072,16.6
Honduras,2022,3,6,HND,Americas,10463872,2482.22384904714,82.2937171979577,16
Honduras,2023,27,105,HND,Americas,10644851,2527.27366333188,82.5478821305927,15.5
Honduras,2024,13,5,HND,Americas,10825703,2573.37159995648,78.9690848390083,NA
India,1989,119,1852,IND,Asia,NA,NA,NA,NA
India,1990,333,4801,IND,Asia,864972221,537.870269533789,NA,126.5
India,1991,221,3724,IND,Asia,883927600,531.898397841583,NA,122.9
India,1992,240,4163,IND,Asia,902957070,549.235069966802,NA,119.5
India,1993,331,2326,IND,Asia,922118387,563.372872328964,NA,116.1
India,1994,244,1435,IND,Asia,941163767,588.727892188017,NA,112.8
India,1995,226,1079,IND,Asia,960301044,620.699954330379,NA,109.5
India,1996,177,1333,IND,Asia,979678458,654.355928429641,NA,106
India,1997,277,1448,IND,Asia,999133762,667.598423095039,NA,102.5
India,1998,386,1623,IND,Asia,1018665080,695.293709344799,NA,98.9
India,1999,544,2563,IND,Asia,1038225823,742.53920839445,NA,95.3
India,2000,1534,4103,IND,Asia,1057922733,756.704109527449,98.808967590332,91.6
India,2001,555,1931,IND,Asia,1077898575,778.507377528365,96.9014892578125,88
India,2002,1083,3031,IND,Asia,1097600380,793.615912906381,97.4474563598633,84.5
India,2003,919,2442,IND,Asia,1116803006,841.278894571674,105.664947509766,81.1
India,2004,997,2527,IND,Asia,1135991513,892.596614581612,NA,77.7
India,2005,910,2015,IND,Asia,1154676322,947.732565646672,NA,74.4
India,2006,932,2155,IND,Asia,1172878890,1008.23275343783,NA,71.1
India,2007,727,1775,IND,Asia,1190676021,1069.24696813025,113.330406188965,67.9
India,2008,680,1863,IND,Asia,1207930964,1086.50605251513,113.827751159668,64.6
India,2009,843,1621,IND,Asia,1225524753,1155.10163274172,112.490791320801,61.4
India,2010,780,1633,IND,Asia,1243481564,1235.15939133951,112.218696594238,58.2
India,2011,408,798,IND,Asia,1261224954,1281.61054354933,110.07893371582,55
India,2012,428,801,IND,Asia,1278674502,1333.09626557668,112.384407043457,52
India,2013,346,702,IND,Asia,1295829511,1399.4537980287,114.29369354248,49.1
India,2014,400,734,IND,Asia,1312277191,1484.31640682913,112.359672546387,46.3
India,2015,321,622,IND,Asia,1328024498,1583.99815907985,113.541786193848,43.6
India,2016,419,762,IND,Asia,1343944296,1694.46534973825,119.987350463867,41.1
India,2017,400,847,IND,Asia,1359657400,1788.69770318446,118.321411132812,38.7
India,2018,480,952,IND,Asia,1374659064,1883.35772705062,101.438321198289,36.4
India,2019,354,734,IND,Asia,1389030312,1936.03067741067,99.9135279872897,34.3
India,2020,389,754,IND,Asia,1402617695,1806.50110583878,102.041421630559,32.4
India,2021,277,521,IND,Asia,1414203896,1965.30943437506,103.202010704334,30.6
India,2022,266,393,IND,Asia,1425423212,2098.2112447615,112.073964742492,29.1
India,2023,217,406,IND,Asia,1438069596,2270.9051808027,113.164575709104,27.7
India,2024,234,552,IND,Asia,1450935791,2396.94999213544,120.520368565055,NA
Indonesia,1989,5,7,IDN,Asia,NA,NA,NA,NA
Indonesia,1990,46,200,IDN,Asia,183501098,1470.91822258528,114.242050170898,83.9
Indonesia,1991,38,429,IDN,Asia,186778238,1544.99580894527,112.321380615234,80.1
Indonesia,1992,14,53,IDN,Asia,190043744,1617.10954872218,110.819923400879,76.4
Indonesia,1993,8,27,IDN,Asia,193305168,1693.1074260189,110.764526367188,72.8
Indonesia,1994,9,12,IDN,Asia,196591828,1790.32729962455,112.164291381836,69.4
Indonesia,1995,21,63,IDN,Asia,199888057,1905.54236111238,112.026466369629,66.1
Indonesia,1996,18,36,IDN,Asia,203204348,2020.99148132509,111.440757751465,62.9
Indonesia,1997,37,441,IDN,Asia,206536095,2081.8416693962,111.167846679688,59.9
Indonesia,1998,30,141,IDN,Asia,209826788,1780.20049544892,112.03003692627,57.1
Indonesia,1999,338,2421,IDN,Asia,213004668,1767.51466729756,112.157676696777,54.4
Indonesia,2000,157,917,IDN,Asia,216077790,1828.10265968361,108.993591308594,51.9
Indonesia,2001,107,884,IDN,Asia,219097902,1868.59172307292,109.43041229248,49.6
Indonesia,2002,265,762,IDN,Asia,222088495,1926.37435868149,110.116897583008,47.3
Indonesia,2003,227,1069,IDN,Asia,225048008,1991.91820506473,110.176658630371,45.2
Indonesia,2004,359,1082,IDN,Asia,227926649,2065.70617470842,109.678840637207,49.1
Indonesia,2005,33,242,IDN,Asia,230871650,2155.4478015921,109.01708984375,41.4
Indonesia,2006,3,13,IDN,Asia,233951652,2244.0802226202,107.672538757324,39.6
Indonesia,2007,1,2,IDN,Asia,237062337,2355.1528565328,110.421722412109,38
Indonesia,2008,3,6,IDN,Asia,240157903,2464.60193418272,109.333679199219,36.4
Indonesia,2011,4,9,IDN,Asia,249470032,2799.62468790318,114.684137554242,32.2
Indonesia,2012,1,1,IDN,Asia,252698525,2930.518445323,115.201069565404,31
Indonesia,2013,6,20,IDN,Asia,255852467,3055.24246006469,111.656675108204,29.7
Indonesia,2014,4,12,IDN,Asia,258877399,3170.72103011429,109.659608599994,28.6
Indonesia,2015,3,4,IDN,Asia,261799249,3288.22269725538,107.983525766989,27.4
Indonesia,2017,3,2,IDN,Asia,267346658,3553.51999262321,104.382521256166,25.4
Indonesia,2018,11,37,IDN,Asia,269951846,3701.32155461912,103.299542869882,24.5
Indonesia,2019,22,41,IDN,Asia,272489381,3850.90321738979,101.264685825869,23.6
Indonesia,2020,24,35,IDN,Asia,274814866,3739.44906563161,100.951933675872,22.8
Indonesia,2021,42,68,IDN,Asia,276758053,3850.68877253903,100.309665446849,22
Indonesia,2022,33,64,IDN,Asia,278830529,4024.91225288391,98.7008730463611,21.3
Indonesia,2023,39,94,IDN,Asia,281190067,4192.65167890692,98.1566275726904,20.6
Indonesia,2024,61,77,IDN,Asia,283487931,4367.86266621191,100.036318150714,NA
Iran,1990,14,31,IRN,Asia,58380092,3222.20102704479,102.681770324707,57.6
Iran,1991,3,44,IRN,Asia,59986931,3534.65396417255,104.325881958008,54.8
Iran,1992,2,4,IRN,Asia,61184983,3579.73221786246,105.229972839355,52.2
Iran,1993,17,153,IRN,Asia,61403543,3514.51966574661,104.13761138916,50
Iran,1994,2,16,IRN,Asia,61520598,3448.25956881527,102.663650512695,47.9
Iran,1995,3,17,IRN,Asia,62205567,3492.17204969482,101.404037475586,45.9
Iran,1996,4,34,IRN,Asia,62881300,3674.0326860276,100.681259155273,44
Iran,1997,13,37,IRN,Asia,63639638,3679.27534912962,98.2556381225586,42.1
Iran,1998,5,13,IRN,Asia,64519859,3704.56563043092,98.5128631591797,40.2
Iran,1999,6,19,IRN,Asia,65445391,3725.31745828772,97.4371566772461,38.3
Iran,2000,21,41,IRN,Asia,66418659,3885.30183360649,97.7706298828125,36.3
Iran,2001,14,112,IRN,Asia,67452005,3917.29935489016,100.710922241211,34.2
Iran,2003,1,2,IRN,Asia,68769340,4511.43134034458,106.779502868652,30.2
Iran,2005,15,54,IRN,Asia,71828455,4650.35841490708,105.198722839355,26.5
Iran,2006,21,61,IRN,Asia,73392747,4778.7934584732,102.88353729248,24.8
Iran,2007,21,86,IRN,Asia,74602648,5084.71796043623,99.7476577758789,23.2
Iran,2008,20,118,IRN,Asia,75514204,5035.94008533618,99.2127914428711,21.7
Iran,2009,32,208,IRN,Asia,76457825,5023.89314362941,99.2889633178711,20.4
Iran,2010,12,101,IRN,Asia,77420842,5249.06133369759,98.408576965332,19.3
Iran,2011,14,220,IRN,Asia,78383598,5321.75870744453,99.0494384765625,18.4
Iran,2012,5,17,IRN,Asia,79370580,5058.64637811835,99.128791809082,17.5
Iran,2013,4,11,IRN,Asia,80414686,4916.97291948475,111.42115020752,16.8
Iran,2014,2,5,IRN,Asia,81502045,5093.20319702187,103.500160217285,16.1
Iran,2015,8,25,IRN,Asia,82619362,4952.73355532178,104.115409851074,15.5
Iran,2016,25,69,IRN,Asia,83812228,5312.61724954192,105.821022033691,15
Iran,2017,12,58,IRN,Asia,85026754,5395.2398398598,105.369766235352,14.5
Iran,2018,18,92,IRN,Asia,86117998,5127.22495367018,NA,13.9
Iran,2019,89,313,IRN,Asia,87051648,4952.45669081078,105.451843261719,13.5
Iran,2020,26,246,IRN,Asia,87723443,5132.82430762118,104.680130004883,13
Iran,2021,34,82,IRN,Asia,88455488,5300.62271961895,NA,12.6
Iran,2022,158,251,IRN,Asia,89524246,5465.31447539413,NA,12.2
Iran,2023,13,43,IRN,Asia,90608707,5687.84396330117,NA,11.8
Iran,2024,33,222,IRN,Asia,91567738,5834.44296939863,NA,NA
Iraq,1989,2,50,IRQ,Asia,NA,NA,NA,NA
Iraq,1990,6,117,IRQ,Asia,17581206,3526.57925126853,NA,79.7
Iraq,1991,101,24501,IRQ,Asia,17767253,1254.6305738573,110.970657348633,64.9
Iraq,1992,53,846,IRQ,Asia,18300845,1615.03903542829,92.4310836791992,51.7
Iraq,1993,41,368,IRQ,Asia,19201195,2005.56353163967,91.1351470947266,50.7
Iraq,1994,38,995,IRQ,Asia,20139807,1985.79691950751,NA,49.8
Iraq,1995,86,1537,IRQ,Asia,20825860,1961.09255088401,NA,48.9
Iraq,1996,66,832,IRQ,Asia,21501321,2108.82328338078,82.5815887451172,48
Iraq,1997,71,1628,IRQ,Asia,22176593,2478.84310444448,NA,47.1
Iraq,1998,17,96,IRQ,Asia,22884399,3242.95733892163,NA,46.1
Iraq,1999,18,308,IRQ,Asia,23636527,3691.74051342002,92.4364395141602,45.2
Iraq,2000,11,193,IRQ,Asia,24424056,4172.78025105244,89.9259414672852,44.3
Iraq,2001,14,56,IRQ,Asia,25197840,4116.09405320279,NA,43.3
Iraq,2002,6,111,IRQ,Asia,26006559,3660.92527507177,NA,42.4
Iraq,2003,106,8021,IRQ,Asia,26802659,2250.06990123369,96.4831237792969,41.6
Iraq,2004,344,4366,IRQ,Asia,27577878,3354.26588756715,95.6360015869141,40.7
Iraq,2005,505,3521,IRQ,Asia,28407448,3310.86344473993,NA,39.7
Iraq,2006,534,4598,IRQ,Asia,28616515,3471.98744698568,NA,38.8
Iraq,2007,451,4489,IRQ,Asia,28391607,3565.58054079041,104.57022857666,37.8
Iraq,2008,403,2765,IRQ,Asia,28971036,3781.78001712762,NA,36.7
Iraq,2009,355,1720,IRQ,Asia,30058206,3768.17284328983,NA,35.6
Iraq,2010,367,1857,IRQ,Asia,31045366,3881.94327045302,NA,34.6
Iraq,2011,192,1365,IRQ,Asia,32161424,4030.01686860986,NA,33.5
Iraq,2012,258,1407,IRQ,Asia,33654842,4387.90469058707,NA,32.4
Iraq,2013,503,4010,IRQ,Asia,35281989,4504.82687537354,NA,31.4
Iraq,2014,796,16437,IRQ,Asia,36550059,4446.97343234862,NA,30.4
Iraq,2015,687,11304,IRQ,Asia,37560535,4440.14189252367,NA,29.4
Iraq,2016,726,12025,IRQ,Asia,38469627,4932.9272911439,NA,28.4
Iraq,2017,609,11417,IRQ,Asia,39337353,4736.32710809857,NA,27.5
Iraq,2018,268,1448,IRQ,Asia,40265624,4749.00921836896,NA,26.6
Iraq,2019,281,960,IRQ,Asia,41192171,4898.14897652265,NA,25.7
Iraq,2020,276,945,IRQ,Asia,42116605,4213.99843766061,NA,24.9
Iraq,2021,366,1014,IRQ,Asia,43071211,4182.5006404573,NA,24.1
Iraq,2022,371,1027,IRQ,Asia,44070551,4412.99733146512,NA,23.3
Iraq,2023,242,498,IRQ,Asia,45074049,4337.08705324182,NA,22.6
Iraq,2024,268,409,IRQ,Asia,46042015,4180.29619477317,NA,NA
Israel,1989,58,93,ISR,Asia,NA,NA,NA,NA
Israel,1990,37,43,ISR,Asia,4660000,22395.1118825784,NA,11.5
Israel,1991,37,47,ISR,Asia,4949000,22716.5668753642,NA,11
Israel,1992,55,72,ISR,Asia,5123000,23647.7824286474,NA,10.4
Israel,1993,61,88,ISR,Asia,5261000,23975.4686313192,NA,9.8
Israel,1994,52,116,ISR,Asia,5399000,25097.9901268886,NA,9.2
Israel,1995,24,78,ISR,Asia,5545000,26050.7265906943,NA,8.7
Israel,1996,25,132,ISR,Asia,5692000,26859.877460854,NA,8.2
Israel,1997,5,25,ISR,Asia,5836000,27143.4560040151,NA,7.8
Israel,1998,4,6,ISR,Asia,5971000,27620.6563115809,NA,7.5
Israel,1999,2,2,ISR,Asia,6125000,27814.0260563783,NA,7.2
Israel,2000,60,109,ISR,Asia,6289000,29413.4894578106,98.2204437255859,6.9
Israel,2001,179,356,ISR,Asia,6439000,28808.1300136037,97.6406097412109,6.6
Israel,2002,377,892,ISR,Asia,6570000,28195.8676389139,97.0616989135742,6.3
Israel,2003,152,468,ISR,Asia,6689700,28092.6176251486,96.5818710327148,6.1
Israel,2004,269,522,ISR,Asia,6809000,28883.247588548,96.4518280029297,5.8
Israel,2005,117,214,ISR,Asia,6930100,29623.7172812577,95.5045318603516,5.6
Israel,2006,271,557,ISR,Asia,7053700,30734.9619835354,95.3834075927734,5.3
Israel,2007,239,538,ISR,Asia,7180100,32103.162857656702,95.8412399291992,5.1
Israel,2008,156,738,ISR,Asia,7308800,32554.0413211945,95.4030075073242,4.9
Israel,2009,153,751,ISR,Asia,7485600,32178.5727387015,97.3412704467773,4.7
Israel,2010,42,75,ISR,Asia,7623600,33344.7213294093,97.6586303710938,4.6
Israel,2011,51,102,ISR,Asia,7765800,34540.6749784398,97.6346130371094,4.4
Israel,2012,144,253,ISR,Asia,7910500,34738.6587001,98.5221862792969,4.3
Israel,2013,10,12,ISR,Asia,8059500,35489.5086561247,97.6897811889648,4.1
Israel,2014,919,2411,ISR,Asia,8215700,36129.3146105805,97.2882995605469,4
Israel,2015,12,16,ISR,Asia,8380100,36213.1041481958,97.7587738037109,3.9
Israel,2016,10,11,ISR,Asia,8546000,37093.7879065422,97.1344833374023,3.8
Israel,2017,8,25,ISR,Asia,8713300,37963.0491190696,96.9318695068359,3.7
Israel,2018,49,75,ISR,Asia,8882800,38729.6426036983,96.4932327270508,3.7
Israel,2019,44,83,ISR,Asia,9054000,39407.2016076709,96.2709274291992,3.6
Israel,2020,5,8,ISR,Asia,9215100,37935.5432717179,96.3747634887695,3.5
Israel,2021,106,280,ISR,Asia,9371400,40804.9689802536,96.2489776611328,3.5
Israel,2022,45,98,ISR,Asia,9557500,42516.3888090274,96.3125686645508,3.4
Israel,2023,1200,27434,ISR,Asia,9849000,42011.6213954855,96.4853820800781,3.4
Israel,2024,3092,21476,ISR,Asia,9974400,41845.1660567523,NA,NA
Italy,1993,1,0,ITA,Europe,56831821,27987.4328969281,NA,8.5
Côte d’Ivoire,1990,2,9,CIV,Africa,12189778,1866.0785698741,66.2475891113281,153
Côte d’Ivoire,1991,1,0,CIV,Africa,12683870,1794.12062566918,64.1643524169922,153.6
Côte d’Ivoire,1993,1,1,CIV,Africa,13735951,1649.47036183619,61.4722595214844,153.6
Côte d’Ivoire,1994,1,4,CIV,Africa,14287201,1598.69239055813,62.7941284179688,153
Côte d’Ivoire,1995,2,37,CIV,Africa,14855565,1647.08777075504,62.7685394287109,152
Côte d’Ivoire,1996,4,35,CIV,Africa,15442312,1706.97650014485,62.5579605102539,150.7
Côte d’Ivoire,1998,1,0,CIV,Africa,16663948,1808.42289027986,63.5445518493652,146.4
Côte d’Ivoire,1999,2,0,CIV,Africa,17215935,1770.86540389357,65.0674667358398,143.6
Côte d’Ivoire,2000,6,132,CIV,Africa,17699004,1717.95385651231,64.5294876098633,140.5
Côte d’Ivoire,2001,2,2,CIV,Africa,18178913,1636.57318705218,66.3351211547852,137.1
Côte d’Ivoire,2002,48,1063,CIV,Africa,18654771,1551.27925902838,66.8685913085938,133.4
Côte d’Ivoire,2003,40,493,CIV,Africa,19125542,1441.58801755037,63.0239181518555,129.6
Côte d’Ivoire,2004,28,304,CIV,Africa,19595000,1451.86547141894,NA,125.7
Côte d’Ivoire,2005,21,153,CIV,Africa,20068458,1431.73320203111,NA,121.6
Côte d’Ivoire,2006,7,11,CIV,Africa,20546802,1437.77453798586,59.5550498962402,117.8
Côte d’Ivoire,2007,3,3,CIV,Africa,21030558,1420.1738958245,59.4631118774414,113.9
Côte d’Ivoire,2008,4,4,CIV,Africa,21514439,1454.62731800082,62.3004684448242,109.5
Côte d’Ivoire,2009,1,1,CIV,Africa,21997940,1473.9183699329,63.0792808532715,105.8
Côte d’Ivoire,2010,21,80,CIV,Africa,22488065,1540.52927270246,NA,102.2
Côte d’Ivoire,2011,158,1256,CIV,Africa,22982000,1426.46463864534,73.5641637291114,99.1
Côte d’Ivoire,2012,5,21,CIV,Africa,23467078,1503.43433046682,78.2860585898227,96
Côte d’Ivoire,2013,2,4,CIV,Africa,23939775,1632.32712787006,80.7498463265361,92.7
Côte d’Ivoire,2016,2,49,CIV,Africa,25989405,1889.27777949938,87.9691851681795,83.6
Côte d’Ivoire,2020,1,3,CIV,Africa,28915449,2055.08483996432,88.6266598469541,73.7
Jamaica,1989,1,1,JAM,Americas,NA,NA,NA,NA
Jamaica,1994,1,5,JAM,Americas,2475220,5442.16740407801,NA,25.1
Jamaica,2001,20,116,JAM,Americas,2624403,5234.02744397806,91.743278503418,20
Jamaica,2002,7,22,JAM,Americas,2640572,5305.87658697244,91.628547668457,19.7
Jordan,1992,1,1,JOR,Asia,4127693,3264.84472634328,NA,33.1
Jordan,2005,1,59,JOR,Asia,6029587,4151.61313015439,96.5220336914062,22
Jordan,2015,1,1,JOR,Asia,9544729,4042.75678097555,NA,16.5
Jordan,2016,5,37,JOR,Asia,10006367,3933.14704611068,98.4272996476146,16
Jordan,2024,1,3,JOR,Asia,11552876,4016.83429143296,98.5516247069238,NA
Kenya,1989,3,63,KEN,Africa,NA,NA,NA,NA
Kenya,1990,1,7,KEN,Africa,22892651,1329.33312766232,105.313667297363,101.4
Kenya,1991,2,17,KEN,Africa,23646514,1305.46415701447,103.02709197998,104.6
Kenya,1992,26,159,KEN,Africa,24382460,1255.93870622359,101.50138092041,107.4
Kenya,1993,18,287,KEN,Africa,25117188,1223.50616725762,100.392936706543,109.3
Kenya,1994,13,34,KEN,Africa,25857130,1219.7841113305,96.3266296386719,110.2
Kenya,1995,4,60,KEN,Africa,26601751,1237.88250467675,93.3242416381836,110
Kenya,1996,9,170,KEN,Africa,27344211,1254.21025248674,NA,108.9
Kenya,1997,11,212,KEN,Africa,28101768,1226.19542113337,NA,107
Kenya,1998,15,322,KEN,Africa,28888057,1232.06658106635,92.9180221557617,104.2
Kenya,1999,8,229,KEN,Africa,29733408,1224.63404639886,90.6962814331055,100.6
Kenya,2000,18,261,KEN,Africa,30642890,1195.41296851656,94.2572402954102,96.3
Kenya,2001,18,192,KEN,Africa,31619170,1202.29348759987,95.1509170532227,91.6
Kenya,2002,5,45,KEN,Africa,32629808,1171.4262517349,89.2491912841797,86.6
Kenya,2003,2,7,KEN,Africa,33652223,1169.14433674051,103.90389251709,81.6
Kenya,2004,4,20,KEN,Africa,34713455,1191.25443604556,103.729431152344,76.6
Kenya,2005,29,215,KEN,Africa,35796484,1223.44738472019,103.62956237793,71.5
Kenya,2006,22,219,KEN,Africa,36904008,1263.54164666211,101.201988220215,67.1
Kenya,2007,52,200,KEN,Africa,38036349,1309.91092948216,107.582710266113,63.2
Kenya,2008,117,783,KEN,Africa,39206351,1273.77226103073,107.076469421387,58.2
Kenya,2009,25,170,KEN,Africa,40408891,1276.73503486074,107.945739746094,55.4
Kenya,2010,28,87,KEN,Africa,41598567,1340.16467408856,NA,53.5
Kenya,2011,26,144,KEN,Africa,42758461,1370.58000874482,NA,52.2
Kenya,2012,71,309,KEN,Africa,43888303,1396.30178709756,111.422226680456,51.2
Kenya,2013,49,267,KEN,Africa,44986791,1413.94142522583,NA,50
Kenya,2014,85,344,KEN,Africa,46051440,1450.59338202277,107.141220092773,48.8
Kenya,2015,42,389,KEN,Africa,47088526,1489.11959777284,104.780090332031,47.4
Kenya,2016,48,130,KEN,Africa,48139687,1517.97796057742,104.114852905273,46
Kenya,2017,107,228,KEN,Africa,49197766,1542.33773973372,101.957891317521,45.3
Kenya,2018,69,164,KEN,Africa,50207107,1596.69045914945,99.770420205161,44.3
Kenya,2019,51,188,KEN,Africa,51202827,1645.70961777862,77.5132254988803,43.3
Kenya,2020,65,151,KEN,Africa,52217334,1609.33414078281,91.9542486020668,42.8
Kenya,2021,54,135,KEN,Africa,53219166,1698.89578271444,93.7669067632864,41.9
Kenya,2022,31,101,KEN,Africa,54252461,1747.53198804428,98.551967362001,41.1
Kenya,2023,57,224,KEN,Africa,55339003,1811.21651838425,98.2483475806861,39.9
Kenya,2024,30,112,KEN,Africa,56432944,1860.02287047776,NA,NA
Eswatini,1989,2,2,SWZ,Africa,NA,NA,NA,NA
Eswatini,2019,3,1,SWZ,Africa,1179874,3759.67106964666,123.596847259682,51.6
Eswatini,2020,2,2,SWZ,Africa,1192729,3609.3669136859,NA,49.8
Eswatini,2021,11,48,SWZ,Africa,1206593,3719.03838239806,NA,47.6
Eswatini,2022,2,2,SWZ,Africa,1218917,3695.64957179548,117.195740765085,46.2
Eswatini,2023,2,3,SWZ,Africa,1230506,3790.16576788091,116.527002594136,45
Kuwait,1990,19,1329,KWT,Asia,1684819,20140.7834697754,82.5652923583984,17.3
Kuwait,1991,19,460,KWT,Asia,1351399,14812.9200924661,112.571487426758,16.4
Kuwait,1996,1,1,KWT,Asia,1730246,32417.9627954317,87.4751815795898,14.2
Kuwait,2015,1,26,KWT,Asia,3834574,29882.2126495698,101.798934825921,9.1
Kyrgyzstan,1999,2,14,KGZ,Asia,4840422,689.414278205464,95.5208129882812,53.5
Kyrgyzstan,2000,17,174,KGZ,Asia,4898362,718.342832397662,94.7018585205078,50.8
Kyrgyzstan,2006,3,6,KGZ,Asia,5218373,837.138026647346,96.6627578735352,37.6
Kyrgyzstan,2010,25,44,KGZ,Asia,5467059,962.764789828724,98.1180547707839,29.6
Kyrgyzstan,2015,1,1,KGZ,Asia,6040036,1105.65193844261,98.0889255070076,22.2
Kyrgyzstan,2021,3,40,KGZ,Asia,6851224,1132.5546781282,96.3743766346118,17.5
Kyrgyzstan,2022,32,68,KGZ,Asia,6975220,1212.17812721768,96.7442875061351,17.2
Laos,1989,1,30,LAO,Asia,NA,NA,NA,NA
Laos,1990,6,255,LAO,Asia,4311955,634.525297009385,96.6118469238281,154.1
Laos,1993,1,3,LAO,Asia,4685060,680.964153708638,99.0777130126953,138.7
Laos,1997,1,2,LAO,Asia,5152011,819.205851313643,108.373001098633,120.1
Laos,1999,1,2,LAO,Asia,5340784,881.634129609675,107.866081237793,111.7
Laos,2000,2,7,LAO,Asia,5431212,917.228038617529,105.722198486328,107.5
Laos,2002,2,4,LAO,Asia,5610889,994.492241963795,105.233688354492,99.1
Laos,2003,3,5,LAO,Asia,5697945,1038.71192767783,107.481590270996,94.9
Laos,2004,3,4,LAO,Asia,5781626,1088.76034728831,108.649421691895,90.8
Laos,2006,4,73,LAO,Asia,5963200,1228.08927619923,110.817306518555,82.7
Lebanon,1989,210,1097,LBN,Asia,NA,NA,NA,NA
Lebanon,1990,89,1903,LBN,Asia,3595175,2752.72442253257,NA,31.8
Lebanon,1991,29,68,LBN,Asia,3668912,4031.19474543924,NA,30.3
Lebanon,1992,54,132,LBN,Asia,3747371,4595.5808332577,77.2161636352539,28.8
Lebanon,1993,80,165,LBN,Asia,3820647,4992.69878232449,76.5777130126953,27.5
Lebanon,1994,59,144,LBN,Asia,3889799,5301.41584672248,78.8943405151367,26.3
Lebanon,1995,72,126,LBN,Asia,3960735,5542.2265103529,79.0194091796875,25.2
Lebanon,1996,58,214,LBN,Asia,4034781,6054.52911921482,78.5222930908203,24
Lebanon,1997,63,105,LBN,Asia,4108405,6008.75855385657,80.5919799804688,23
Lebanon,1998,51,85,LBN,Asia,4181281,6120.45672717024,83.2726364135742,21.9
Lebanon,1999,41,74,LBN,Asia,4255277,5982.41788354308,86.5208282470703,20.9
Lebanon,2000,33,59,LBN,Asia,4329340,5958.97836750301,85.1220779418945,19.9
Lebanon,2001,3,4,LBN,Asia,4401918,6085.76041420146,84.4280319213867,18.9
Lebanon,2002,1,0,LBN,Asia,4463504,6207.24133893746,85.5243682861328,17.8
Lebanon,2003,1,1,LBN,Asia,4525508,6319.76518298647,86.7726821899414,16.9
Lebanon,2005,3,3,LBN,Asia,4671102,6707.18024635316,89.1887664794922,15.2
Lebanon,2006,246,1194,LBN,Asia,4751136,6696.37428200596,88.5270919799805,14.4
Lebanon,2008,5,38,LBN,Asia,4925354,7701.29823027979,86.235969543457,13.3
Lebanon,2011,2,4,LBN,Asia,5096020,8936.20027462737,84.8372167281463,12.5
Lebanon,2012,6,53,LBN,Asia,5235742,8920.8056984673,85.2793225598415,12.4
Lebanon,2013,28,179,LBN,Asia,5743436,8443.53856528784,86.8028638212504,12.4
Lebanon,2014,41,231,LBN,Asia,6346990,7830.4151113336,78.51893817562,12.5
Lebanon,2015,19,200,LBN,Asia,6472469,7714.1099998804,77.1609396441008,12.7
Lebanon,2016,13,56,LBN,Asia,6323060,8019.1416913426,76.5474649245479,13.1
Lebanon,2017,20,297,LBN,Asia,6160128,8305.57405425721,78.1223765134602,13.5
Lebanon,2018,1,2,LBN,Asia,5984119,8388.7235123835,77.5757280340719,14
Lebanon,2020,4,20,LBN,Asia,5702398,6440.82843092922,76.1016961624784,15.5
Lebanon,2023,39,123,LBN,Asia,5773493,5834.63415739394,78.2026874196176,18.3
Lebanon,2024,1114,4339,LBN,Asia,5805962,NA,81.7691124093498,NA
Lesotho,1998,5,78,LSO,Africa,1998049,696.935973937753,95.4888076782227,104.5
Liberia,1989,6,45,LBR,Africa,NA,NA,NA,NA
Liberia,1990,138,3729,LBR,Africa,2223667,754.134009462384,NA,267.8
Liberia,1991,19,578,LBR,Africa,1956518,735.180658658157,NA,269.9
Liberia,1992,26,453,LBR,Africa,2072461,450.538677691808,NA,269.2
Liberia,1993,47,2673,LBR,Africa,2155126,290.388920233659,NA,265.5
Liberia,1994,92,4167,LBR,Africa,2149928,227.742776021788,NA,259.3
Liberia,1995,52,2290,LBR,Africa,2169162,216.093554614513,NA,250.9
Liberia,1996,31,3077,LBR,Africa,2232289,235.435058248512,NA,241.1
Liberia,1997,3,13,LBR,Africa,2412989,449.286058616964,NA,230
Liberia,1998,1,13,LBR,Africa,2670124,528.670341826706,71.421028137207,218
Liberia,1999,3,70,LBR,Africa,2821684,609.040903258705,90.1342620849609,205.4
Liberia,2000,5,101,LBR,Africa,2928117,754.850917360951,108.483879089355,192.4
Liberia,2001,28,481,LBR,Africa,3015338,754.422355762017,NA,179.4
Liberia,2002,43,2259,LBR,Africa,3094782,762.716393927064,NA,166.6
Liberia,2003,53,3281,LBR,Africa,3119532,528.567395543421,NA,154.3
Liberia,2019,1,1,LBR,Africa,5043721,636.699384824869,NA,81.9
Liberia,2020,2,2,LBR,Africa,5149463,605.025475431411,72.4228278801865,79.7
Liberia,2024,1,1,LBR,Africa,5612817,665.101337624192,NA,NA
Libya,2008,1,6,LBY,Africa,6235430,13403.0004645911,NA,18.8
Libya,2011,235,3914,LBY,Africa,6343203,6569.59477578957,NA,19.6
Libya,2012,19,378,LBY,Africa,6179328,12599.258882136,NA,15.1
Libya,2013,18,36,LBY,Africa,6304628,10126.314927806,NA,14.5
Libya,2014,109,1455,LBY,Africa,6427252,7644.24843947404,NA,13.9
Libya,2015,161,1594,LBY,Africa,6531819,7458.48917756374,NA,13.3
Libya,2016,184,2349,LBY,Africa,6632126,7236.16409923502,NA,12.8
Libya,2017,80,1096,LBY,Africa,6738770,9435.60060040046,NA,12.4
Libya,2018,123,670,LBY,Africa,6849055,10020.9165751361,NA,11.9
Libya,2019,186,1786,LBY,Africa,6951033,8768.4104874586,NA,11.6
Libya,2020,131,690,LBY,Africa,7045399,6102.79864032512,NA,11.2
Libya,2021,7,12,LBY,Africa,7135175,7731.35448152581,NA,10.8
Libya,2022,7,13,LBY,Africa,7223805,7002.68189296358,NA,10.5
Libya,2023,1,2,LBY,Africa,7305659,7630.49664928174,NA,30.8
Libya,2024,1,2,LBY,Africa,7381023,7696.0807819319,NA,NA
Madagascar,2002,32,79,MDG,Africa,17549913,406.70122213637,96.6876831054688,96
Madagascar,2009,7,113,MDG,Africa,21547280,457.789754866068,140.266357421875,72.8
Madagascar,2012,3,15,MDG,Africa,23462438,442.641500123543,136.435592632075,67.7
Madagascar,2017,1,1,MDG,Africa,26788375,456.851859574031,139.186670285989,65.7
Madagascar,2019,3,3,MDG,Africa,28219554,467.27741349648,124.946579330031,66.1
Madagascar,2020,1,23,MDG,Africa,28953556,422.924255422319,126.585803806645,66.3
Malaysia,2013,14,70,MYS,Asia,30174265,8964.80724896203,98.9066848845224,8.1
Malaysia,2017,1,1,MYS,Asia,32355644,10293.762920536201,96.2574604579347,8.2
Mali,1990,15,582,MLI,Africa,9178830,589.775405883669,24.6765804290771,231
Mali,1991,11,247,MLI,Africa,9362888,651.363081549537,25.1515293121338,226.5
Mali,1992,8,86,MLI,Africa,9553540,606.068363323528,26.6993198394775,222.6
Mali,1993,1,0,MLI,Africa,9754786,619.374429340424,29.9379005432129,218.9
Mali,1994,41,729,MLI,Africa,9967031,640.081008924462,32.9349784851074,215.4
Mali,1995,4,4,MLI,Africa,10185365,630.924447487992,35.4226684570312,211.9
Mali,1997,1,22,MLI,Africa,10646495,668.480326659359,43.1183013916016,203.8
Mali,1999,4,59,MLI,Africa,11227415,707.881746309111,50.9703598022461,193.5
Mali,2002,1,5,MLI,Africa,12288050,766.073669042446,61.1667289733887,175.2
Mali,2004,2,20,MLI,Africa,13102409,800.501816706213,66.4467468261719,163.1
Mali,2005,1,12,MLI,Africa,13538647,794.373328211361,69.7963180541992,157.4
Mali,2007,8,39,MLI,Africa,14457775,784.893915016638,74.726676940918,147.3
Mali,2008,10,113,MLI,Africa,14940782,787.156518987615,76.5747985839844,142.6
Mali,2009,9,127,MLI,Africa,15435539,803.486738927624,77.8208770751953,138.2
Mali,2010,2,28,MLI,Africa,15945198,821.181286587872,78.2843194478002,133.9
Mali,2011,4,23,MLI,Africa,16469049,818.399030995547,78.6656430079497,129.9
Mali,2012,43,359,MLI,Africa,16957033,786.323471336853,75.3898048541622,126.1
Mali,2013,83,881,MLI,Africa,17459615,788.819448205749,70.8734283447266,122.4
Mali,2014,30,291,MLI,Africa,18020267,813.975661285204,71.8215759998762,119
Mali,2015,55,256,MLI,Africa,18593022,838.11986940103,70.5209747052129,115.7
Mali,2016,53,198,MLI,Africa,19191289,860.75307554569,71.8693090094813,112.4
Mali,2017,127,612,MLI,Africa,19813011,878.561348377434,74.6733759399248,109.3
Mali,2018,236,1281,MLI,Africa,20442030,892.978322791418,70.3689604909815,106.1
Mali,2019,199,1227,MLI,Africa,21068405,909.751069703313,NA,103.1
Mali,2020,234,1543,MLI,Africa,21713836,872.389426814294,NA,100
Mali,2021,215,1287,MLI,Africa,22388630,872.332509419855,NA,96.9
Mali,2022,409,3656,MLI,Africa,23072640,877.817842432934,NA,94
Mali,2023,320,2118,MLI,Africa,23769127,892.360907760383,72.7972336510107,91.3
Mali,2024,447,1901,MLI,Africa,24478595,909.755317910813,NA,NA
Malta,1995,1,0,MLT,Europe,377419,12336.7913490463,NA,9.4
Mauritania,1989,15,128,MRT,Africa,NA,NA,NA,NA
Mauritania,1990,6,29,MRT,Africa,1951878,1437.75048235693,46.9030799865723,115.4
Mauritania,1992,1,0,MRT,Africa,2088135,1393.6010549879,53.9294586181641,113.1
Mauritania,2007,1,4,MRT,Africa,3093059,1563.60628765192,94.5087280273438,63.5
Mauritania,2008,1,12,MRT,Africa,3183269,1514.2655013629,91.1832809448242,60.4
Mauritania,2009,1,1,MRT,Africa,3284448,1469.05426880813,97.033561706543,57.9
Mauritania,2010,1,1,MRT,Africa,3390965,1460.19179652873,97.8571652188966,56.1
Mauritania,2011,6,13,MRT,Africa,3502811,1472.55245572229,95.4359624506773,54.5
Mauritania,2012,1,1,MRT,Africa,3619034,1488.97177557214,94.9017954032329,53.1
Mauritania,2019,1,1,MRT,Africa,4467708,1605.1352359742,90.2671941351334,43
Mauritania,2020,1,0,MRT,Africa,4600131,1553.3061558659099,93.8044664780786,41.7
Mauritania,2023,2,6,MRT,Africa,5022441,1634.89897144624,104.015072968957,37.8
Mauritania,2024,1,3,MRT,Africa,5169395,1688.6139322919,105.434763333022,NA
Mexico,1989,2,3,MEX,Americas,NA,NA,NA,NA
Mexico,1990,3,4,MEX,Americas,82820170,8036.86114412537,NA,45.3
Mexico,1992,3,16,MEX,Americas,86044809,8330.26426802488,NA,41.2
Mexico,1993,3,34,MEX,Americas,87653807,8411.79621338297,NA,39.2
Mexico,1994,12,153,MEX,Americas,89259205,8623.48043007968,NA,37.4
Mexico,1995,5,22,MEX,Americas,90862455,7970.64038496182,NA,35.7
Mexico,1996,15,43,MEX,Americas,92452702,8320.65295694833,NA,34
Mexico,1997,6,58,MEX,Americas,94021207,8770.84481553539,NA,32.4
Mexico,1998,5,7,MEX,Americas,95575245,9161.89527783381,NA,30.9
Mexico,2002,3,27,MEX,Americas,101548624,9242.27886130016,109.220031738281,25.7
Mexico,2004,31,220,MEX,Americas,104394131,9421.28975988024,108.834548950195,23.6
Mexico,2005,12,204,MEX,Americas,105811504,9491.51730225718,108.534042358398,22.7
Mexico,2006,40,670,MEX,Americas,107253666,9813.8280424425,108.129272460938,21.9
Mexico,2007,1409,1946,MEX,Americas,108774360,9877.69532644737,108.726860046387,21.1
Mexico,2008,384,3743,MEX,Americas,110374288,9826.3421836048,109.446380615234,20.4
Mexico,2009,605,5607,MEX,Americas,111999721,9074.1188145564,110.722198486328,19.8
Mexico,2010,2085,6215,MEX,Americas,113623895,9389.06722084275,110.995216369629,19.1
Mexico,2011,369,4945,MEX,Americas,115243504,9575.93437788582,111.058860778809,18.5
Mexico,2012,266,5966,MEX,Americas,116818208,9782.51776305354,111.073516845703,17.9
Mexico,2013,191,4478,MEX,Americas,118343573,9738.71059803658,110.109268188477,17.3
Mexico,2014,183,3357,MEX,Americas,119784261,9862.48125444199,108.573143005371,16.8
Mexico,2015,258,4527,MEX,Americas,121072306,10021.2386118827,106.963432312012,16.2
Mexico,2016,187,4306,MEX,Americas,122251351,10100.5021214015,106.391220092773,15.7
Mexico,2017,348,9725,MEX,Americas,123400057,10193.7727193457,105.797607421875,15.2
Mexico,2018,714,11247,MEX,Americas,124573711,10296.8690928534,105.188163757324,14.7
Mexico,2019,1024,10486,MEX,Americas,125762982,10159.4448364319,105.095039367676,14.2
Mexico,2020,2033,13431,MEX,Americas,126799054,9234.64362317923,104.517730712891,13.8
Mexico,2021,3744,15119,MEX,Americas,127648148,9728.05680032556,103.358810424805,13.3
Mexico,2022,2179,12555,MEX,Americas,128613117,10013.2479236143,102.004783630371,12.9
Mexico,2023,2748,10899,MEX,Americas,129739759,10259.1766616403,101.420753479004,12.5
Mexico,2024,2683,11022,MEX,Americas,130861007,10316.4611902215,NA,NA
Moldova,1992,77,585,MDA,Europe,2980965,2225.17356234959,NA,34.8
Morocco,1989,6,207,MAR,Africa,NA,NA,NA,NA
Morocco,1991,2,19,MAR,Africa,24799014,1786.76281738281,63.4602584838867,77.3
Morocco,2003,2,34,MAR,Africa,29571415,2229.576171875,105.974342346191,45.7
Morocco,2011,1,17,MAR,Africa,32912588,2879.53930664063,108.872184910968,29.3
Morocco,2020,1,2,MAR,Africa,36584208,3090.89428710938,112.354037460932,18.6
Morocco,2021,7,6,MAR,Africa,36954442,3309.130859375,112.940882286764,17.9
Morocco,2022,4,14,MAR,Africa,37329064,3334.91162109375,116.554648725847,17.2
Morocco,2023,2,5,MAR,Africa,37712505,3421.21704101563,117.598816130003,16.6
Morocco,2024,2,7,MAR,Africa,38081173,3516.15405273438,116.588650279809,NA
Mozambique,1989,131,1552,MOZ,Africa,NA,NA,NA,NA
Mozambique,1990,44,1759,MOZ,Africa,13094537,221.048981086396,69.0840072631836,232.9
Mozambique,1991,58,1961,MOZ,Africa,13352090,227.4627362365,65.7004699707031,229.7
Mozambique,1992,34,521,MOZ,Africa,13613316,206.194607588583,63.6998901367188,225.8
Mozambique,1993,2,2,MOZ,Africa,14051192,221.624579964898,64.4473419189453,221.2
Mozambique,1994,2,2,MOZ,Africa,15033853,220.478583291331,65.3804702758789,215.5
Mozambique,1995,1,1,MOZ,Africa,15960530,212.086249862904,65.1137313842773,208.6
Mozambique,2004,1,1,MOZ,Africa,19840313,377.064958084878,93.0763931274414,131.6
Mozambique,2005,2,13,MOZ,Africa,20304569,391.699758163976,100.058006286621,125
Mozambique,2010,1,7,MOZ,Africa,22999235,494.162859074785,116.867207366317,95
Mozambique,2012,1,2,MOZ,Africa,24337846,540.2945177803,113.200785284243,86.3
Mozambique,2013,18,45,MOZ,Africa,25051611,559.393953685688,114.118825775581,82.6
Mozambique,2014,13,33,MOZ,Africa,25788475,585.266716133984,114.277516463599,79.2
Mozambique,2016,31,68,MOZ,Africa,27337105,620.779714954555,113.68787641556101,72.3
Mozambique,2017,3,3,MOZ,Africa,28166393,618.397694360334,111.566194762496,70.9
Mozambique,2018,48,171,MOZ,Africa,29018644,621.153734194787,115.270990181058,69.5
Mozambique,2019,124,597,MOZ,Africa,29884380,617.13932000195,117.86067127577,68.3
Mozambique,2020,213,1627,MOZ,Africa,30783688,591.804059985932,118.980061431837,67.3
Mozambique,2021,235,1918,MOZ,Africa,31707800,588.215854695416,NA,65.8
Mozambique,2022,268,717,MOZ,Africa,32656246,596.058889461466,119.162225223393,64.3
Mozambique,2023,100,271,MOZ,Africa,33635160,610.433258850746,NA,61.7
Mozambique,2024,185,522,MOZ,Africa,34631766,605.604720848519,NA,NA
Myanmar (Burma),1989,37,1534,MMR,Asia,NA,NA,NA,NA
Myanmar (Burma),1990,32,796,MMR,Asia,39817251,170.233436728781,99.1239395141602,115.1
Myanmar (Burma),1991,32,1375,MMR,Asia,40394154,166.71043994981,108.852561950684,112.5
Myanmar (Burma),1992,45,1749,MMR,Asia,40950342,180.333227419724,118.075790405273,109.9
Myanmar (Burma),1993,12,145,MMR,Asia,41502429,188.680525347254,119.593360900879,107.2
Myanmar (Burma),1994,83,794,MMR,Asia,42055143,200.124788544139,120.619300842285,104.6
Myanmar (Burma),1995,89,1496,MMR,Asia,42605338,211.265635947401,114.590553283691,102
Myanmar (Burma),1996,79,591,MMR,Asia,43154860,222.01335977894001,113.299156188965,99.4
Myanmar (Burma),1997,88,788,MMR,Asia,43708798,231.587954119212,107.961029052734,96.8
Myanmar (Burma),1998,125,581,MMR,Asia,44257793,242.132148134742,NA,94.3
Myanmar (Burma),1999,129,369,MMR,Asia,44787724,265.455335148419,99.0064468383789,91.9
Myanmar (Burma),2000,173,748,MMR,Asia,45290841,298.590464510138,101.413139343262,89.5
Myanmar (Burma),2001,93,387,MMR,Asia,45771139,328.973872713504,99.7626495361328,87.1
Myanmar (Burma),2002,100,543,MMR,Asia,46232653,364.855800197477,99.8293304443359,84.7
Myanmar (Burma),2003,65,272,MMR,Asia,46667192,411.498764127557,102.38102722168,82.2
Myanmar (Burma),2004,84,177,MMR,Asia,47068772,463.33013572168,103.697303771973,79.7
Myanmar (Burma),2005,81,449,MMR,Asia,47438365,522.099544791815,104.437133789062,77.1
Myanmar (Burma),2006,113,452,MMR,Asia,47785135,586.085579935448,105.169502258301,74.4
Myanmar (Burma),2007,177,704,MMR,Asia,48125043,651.729730899198,106.169532775879,71.6
Myanmar (Burma),2008,65,102,MMR,Asia,48390793,714.620419027129,108.062278747559,101.1
Myanmar (Burma),2009,35,225,MMR,Asia,48660459,785.634853168658,108.319793701172,66
Myanmar (Burma),2010,50,185,MMR,Asia,49024382,854.932478027749,109.490142822266,63.2
Myanmar (Burma),2011,265,811,MMR,Asia,49419820,895.512538762631,NA,60.5
Myanmar (Burma),2012,77,971,MMR,Asia,49837446,953.123081936485,NA,58
Myanmar (Burma),2013,86,358,MMR,Asia,50262658,1024.69060474658,NA,55.6
Myanmar (Burma),2014,35,256,MMR,Asia,50681634,1099.24387751605,115.448463439941,53.4
Myanmar (Burma),2015,198,705,MMR,Asia,51089056,1166.73305547935,NA,51.3
Myanmar (Burma),2016,57,183,MMR,Asia,51495696,1225.37913972668,119.916152954102,49.5
Myanmar (Burma),2017,88,2395,MMR,Asia,51894938,1290.56409027458,121.799392700195,47.7
Myanmar (Burma),2018,71,122,MMR,Asia,52272247,1361.56831265985,120.214569091797,46
Myanmar (Burma),2019,148,587,MMR,Asia,52640713,1440.98988238708,NA,44.4
Myanmar (Burma),2020,77,207,MMR,Asia,53016522,1301.3138635245,NA,42.9
Myanmar (Burma),2021,857,1781,MMR,Asia,53387102,1136.99566055698,NA,41.4
Myanmar (Burma),2022,1549,2761,MMR,Asia,53756787,1174.76697947364,NA,40
Myanmar (Burma),2023,2085,3065,MMR,Asia,54133798,1177.76649647177,NA,38.7
Myanmar (Burma),2024,1096,2896,MMR,Asia,54500091,1158.47928099316,NA,NA
Namibia,1994,1,0,NAM,Africa,1556304,2918.37740296161,139.918334960938,71.3
Namibia,1996,1,2,NAM,Africa,1646103,2958.24060697383,132.155075073242,73.9
Namibia,1999,1,1,NAM,Africa,1776368,3050.46098873323,116.87606048584,77.9
Namibia,2000,15,60,NAM,Africa,1818647,3083.59657884697,113.866256713867,77.9
Namibia,2002,1,0,NAM,Africa,1889970,3145.94566281247,111.884033203125,76.1
Nepal,1990,9,14,NPL,Asia,19524573,422.724738575869,109.224731445312,138.9
Nepal,1991,1,2,NPL,Asia,20036500,438.15619419594,109.977439880371,131.8
Nepal,1992,1,0,NPL,Asia,20609707,443.462044821677,112.602188110352,124.8
Nepal,1993,3,3,NPL,Asia,21180159,448.13094087379,111.68221282959,118.2
Nepal,1994,1,0,NPL,Asia,21717479,472.951082824345,112.385681152344,111.8
Nepal,1995,1,0,NPL,Asia,22245439,477.741099613336,112.078918457031,105.8
Nepal,1996,53,77,NPL,Asia,22741862,492.212428031946,115.608367919922,100
Nepal,1997,37,48,NPL,Asia,23219463,506.426874424217,113.212593078613,94.4
Nepal,1998,218,357,NPL,Asia,23680357,511.54871132025,NA,89.1
Nepal,1999,244,295,NPL,Asia,24125199,524.27256909301,111.578216552734,84
Nepal,2000,186,365,NPL,Asia,24546509,547.221082273632,114.346168518066,79.2
Nepal,2001,229,569,NPL,Asia,24946748,564.28622920391,106.702140808105,74.8
Nepal,2002,1531,4432,NPL,Asia,25328981,556.438454538796,110.702140808105,70.6
Nepal,2003,885,1732,NPL,Asia,25688758,570.28967363428,109.978630065918,66.9
Nepal,2004,1360,2456,NPL,Asia,26016656,589.46992868617,112.833976745605,63.5
Nepal,2005,649,1399,NPL,Asia,26309458,603.190108570995,113.656700134277,60.4
Nepal,2006,215,566,NPL,Asia,26565425,617.477638588722,128.364685058594,57.6
Nepal,2007,20,31,NPL,Asia,26788492,633.226129136597,130.224639892578,55.1
Nepal,2008,9,0,NPL,Asia,26990037,666.865095417138,128.883773803711,52.7
Nepal,2009,2,9,NPL,Asia,27173035,692.400000816919,141.323684692383,50.5
Nepal,2022,1,1,NPL,Asia,29715436,1113.55462341223,121.234804321367,27.5
Netherlands,1990,1,2,NLD,Europe,14951510,31308.9134208148,NA,8.3
Netherlands,2015,1,0,NLD,Europe,16939923,45793.8135434697,106.059417724609,4.1
Nicaragua,1989,21,526,NIC,Americas,NA,NA,NA,NA
Nicaragua,1990,6,39,NIC,Americas,4162559,1260.87382799969,87.2671127319336,66.2
Niger,1989,1,170,NER,Africa,NA,NA,NA,NA
Niger,1990,2,200,NER,Africa,8286059,465.923889536505,25.9601993560791,331.7
Niger,1991,9,40,NER,Africa,8546900,449.719266854731,26.9105796813965,325
Niger,1992,11,29,NER,Africa,8817633,444.632775312455,26.2263698577881,316.7
Niger,1993,1,6,NER,Africa,9100789,432.184449587188,26.5853691101074,306.3
Niger,1994,11,50,NER,Africa,9398258,426.267506763664,27.5306396484375,294.2
Niger,1995,7,67,NER,Africa,9714529,422.523153898523,27.8103904724121,281.3
Niger,1996,3,14,NER,Africa,10044852,409.039358698404,27.8950595855713,268.8
Niger,1997,8,81,NER,Africa,10383969,401.724988110363,28.5335292816162,257.3
Niger,1998,2,147,NER,Africa,10741413,427.086030331896,28.6902809143066,246.7
Niger,2004,1,4,NER,Africa,13265836,393.398781453199,46.0418281555176,182.8
Niger,2007,22,98,NER,Africa,14803610,413.419126261066,50.5029983520508,153.6
Niger,2008,13,68,NER,Africa,15361915,429.195542798877,54.2272987365723,146.6
Niger,2012,1,1,NER,Africa,17836769,463.066265496402,67.1548957778323,130.7
Niger,2013,6,31,NER,Africa,18519898,469.690214200878,68.050738334559,128.9
Niger,2014,2,5,NER,Africa,19215909,482.74524741946,68.6922497937291,127.4
Niger,2015,43,533,NER,Africa,19939498,485.662574175279,70.8931423850977,126.3
Niger,2016,18,299,NER,Africa,20685753,495.017437216008,72.8476843361488,125.1
Niger,2017,16,248,NER,Africa,21435446,501.615305462902,74.3787719289761,123.9
Niger,2018,25,181,NER,Africa,22188069,519.546993483886,NA,122.8
Niger,2019,72,454,NER,Africa,22947757,532.186024570389,66.7727319163256,121.8
Niger,2020,68,820,NER,Africa,23717613,533.194328910254,NA,120.6
Niger,2021,78,1130,NER,Africa,24502140,523.263179518652,65.864245185741,119.1
Niger,2022,73,664,NER,Africa,25311973,566.797962983866,66.2539719118599,117.1
Niger,2023,97,513,NER,Africa,26159867,557.572652727864,66.8804779933272,114.8
Niger,2024,85,1222,NER,Africa,27032412,595.151744559316,64.6534815281519,NA
Nigeria,1990,2,89,NGA,Africa,97120925,1577.19616627741,83.1028594970703,209.8
Nigeria,1991,4,380,NGA,Africa,99720162,1541.59066261036,82.3225021362305,209.2
Nigeria,1992,12,943,NGA,Africa,102372770,1571.1902261783,86.7443771362305,208.3
Nigeria,1993,8,1185,NGA,Africa,105122069,1498.95895037787,91.2958602905273,207.3
Nigeria,1994,16,90,NGA,Africa,107935714,1433.3886109229,91.5379028320312,205.8
Nigeria,1995,1,1,NGA,Africa,110819428,1395.07488456856,87.4475326538086,203.8
Nigeria,1996,5,87,NGA,Africa,113754779,1416.10189471212,76.7972106933594,201.1
Nigeria,1997,20,595,NGA,Africa,116754792,1420.23877961207,NA,197.4
Nigeria,1998,31,357,NGA,Africa,119846254,1419.31770917955,NA,192.9
Nigeria,1999,39,3519,NGA,Africa,123047320,1390.46921139078,91.5830917358398,187.8
Nigeria,2000,30,2104,NGA,Africa,126382494,1421.67987952013,95.5101623535156,182.3
Nigeria,2001,41,2437,NGA,Africa,129862595,1465.45720342309,92.52490234375,176.8
Nigeria,2002,45,629,NGA,Africa,133471989,1644.39518877633,93.6976165771484,171.1
Nigeria,2003,63,449,NGA,Africa,137202644,1717.2145111176,94.8095932006836,165.4
Nigeria,2004,87,2136,NGA,Africa,141057045,1824.80269456773,95.7809066772461,159.8
Nigeria,2005,22,233,NGA,Africa,145017253,1889.25175325818,96.3063507080078,154.5
Nigeria,2006,23,231,NGA,Africa,149077334,1949.15856804565,96.6624374389648,149.6
Nigeria,2007,22,157,NGA,Africa,153267261,2020.83316299454,88.06884765625,145.2
Nigeria,2008,31,432,NGA,Africa,157595014,2098.28339220668,79.2687530517578,141.3
Nigeria,2009,41,533,NGA,Africa,162049464,2204.6072560373,80.3091735839844,138
Nigeria,2010,92,980,NGA,Africa,166642886,2315.46676509663,79.8300399780273,135.1
Nigeria,2011,254,1831,NGA,Africa,171379598,2370.97657091803,84.6805572509766,132.9
Nigeria,2012,409,2022,NGA,Africa,176200625,2403.65387896924,85.9125900268555,130.9
Nigeria,2013,334,3391,NGA,Africa,181049443,2495.34106573749,87.8349702257826,129.3
Nigeria,2014,554,10346,NGA,Africa,185896915,2583.6155695814,84.1216580144923,127.9
Nigeria,2015,505,9121,NGA,Africa,190671878,2585.73360671797,25.5657563073792,126.4
Nigeria,2016,434,3949,NGA,Africa,195443700,2481.81490350326,78.8780517578125,124.8
Nigeria,2017,507,3589,NGA,Africa,200254579,2441.71236404488,NA,122.8
Nigeria,2018,535,3243,NGA,Africa,204938755,2431.77857832568,81.6278513667331,120.2
Nigeria,2019,524,2455,NGA,Africa,209485641,2431.53528472982,NA,117.5
Nigeria,2020,625,3079,NGA,Africa,213996181,2228.68631422888,84.371583976485,114.4
Nigeria,2021,515,3171,NGA,Africa,218529286,2206.66406250067,83.8092555956779,111.3
Nigeria,2022,471,2917,NGA,Africa,223150896,2254.29080416892,NA,108.1
Nigeria,2023,626,3971,NGA,Africa,227882945,2280.91931156115,89.5871124267578,104.9
Nigeria,2024,490,3170,NGA,Africa,232679478,2324.64881202751,NA,NA
North Macedonia,1999,1,6,MKD,Europe,2017142,3154.84918240006,NA,17.3
North Macedonia,2000,1,3,MKD,Europe,2026350,3283.37934095351,101.575706481934,15.9
North Macedonia,2001,53,72,MKD,Europe,2034882,3169.32514368931,101.231201171875,14.8
Pakistan,1989,20,114,PAK,Asia,NA,NA,NA,NA
Pakistan,1990,44,386,PAK,Asia,116155576,950.884644833285,51.8859481811523,139.8
Pakistan,1991,10,62,PAK,Asia,120060406,966.522495703734,NA,137.1
Pakistan,1992,5,72,PAK,Asia,123546848,1011.6250844611,NA,134.2
Pakistan,1993,7,48,PAK,Asia,127020117,1001.25854820003,NA,131.1
Pakistan,1994,38,169,PAK,Asia,130748083,1009.06429520182,NA,128
Pakistan,1995,23,127,PAK,Asia,134582253,1028.96592446155,NA,124.7
Pakistan,1996,21,64,PAK,Asia,138557092,1047.88663514614,NA,121.2
Pakistan,1997,29,123,PAK,Asia,142531804,1028.99804758369,NA,117.8
Pakistan,1998,39,121,PAK,Asia,146522356,1026.50033720969,NA,114.5
Pakistan,1999,12,57,PAK,Asia,150565377,1035.49888206288,NA,111.2
Pakistan,2000,27,59,PAK,Asia,154879127,1049.54229686852,62.7693099975586,108.1
Pakistan,2001,9,42,PAK,Asia,159270907,1057.86767778646,62.63623046875,105.3
Pakistan,2002,70,170,PAK,Asia,163222549,1059.04171024589,62.9242095947266,102.8
Pakistan,2003,79,242,PAK,Asia,167110248,1090.27523993746,64.7272720336914,100.5
Pakistan,2004,62,430,PAK,Asia,171286000,1146.99632842666,68.6156463623047,98.5
Pakistan,2005,48,168,PAK,Asia,175453212,1201.23359367214,71.9533462524414,96.5
Pakistan,2006,46,427,PAK,Asia,179682690,1243.94142602543,68.5336532592773,94.7
Pakistan,2007,211,1380,PAK,Asia,184493231,1265.35567539842,72.8158721923828,92.9
Pakistan,2008,664,4621,PAK,Asia,189499113,1258.05188934452,72.6429901123047,91
Pakistan,2009,884,7512,PAK,Asia,194376534,1269.07432116444,72.9343795776367,89.1
Pakistan,2010,962,7251,PAK,Asia,199239047,1256.69482201323,73.6427366739346,87.1
Pakistan,2011,613,3475,PAK,Asia,203746065,1261.83161907857,70.4406693319938,84.9
Pakistan,2012,651,3583,PAK,Asia,207667125,1275.48806898966,69.90386379122,82.7
Pakistan,2013,361,2914,PAK,Asia,211073978,1309.70080446386,68.8875716330274,80.4
Pakistan,2014,433,3639,PAK,Asia,214264647,1343.30778121043,72.1897974318755,78
Pakistan,2015,285,2454,PAK,Asia,217290883,1380.47020838317,71.7399191116414,75.6
Pakistan,2016,158,1100,PAK,Asia,220138869,1452.18658269177,75.7336415786478,73.3
Pakistan,2017,163,960,PAK,Asia,223273967,1495.26187528032,74.497149935232,71
Pakistan,2018,93,483,PAK,Asia,226928892,1561.68169819559,77.3862722679522,68.8
Pakistan,2019,99,293,PAK,Asia,230800899,1573.8330826937,78.702552622727,66.7
Pakistan,2020,145,409,PAK,Asia,235001746,1526.00597486307,NA,64.6
Pakistan,2021,191,452,PAK,Asia,239477801,1595.02792175422,80.3165790075685,62.5
Pakistan,2022,284,719,PAK,Asia,243700667,1642.28066974826,78.9400248844352,60.5
Pakistan,2023,382,1178,PAK,Asia,247504495,1610.33122837537,81.3796346128751,58.5
Pakistan,2024,687,1885,PAK,Asia,251269164,1634.56735260799,83.726068200404,NA
Panama,1989,3,920,PAN,Americas,NA,NA,NA,NA
Panama,2009,1,1,PAN,Americas,3564381,10267.063313242401,106.596946716309,19.1
Papua New Guinea,1989,6,14,PNG,Oceania,NA,NA,NA,NA
Papua New Guinea,1990,15,61,PNG,Oceania,3896481,1892.30679279448,69.4697494506836,84.7
Papua New Guinea,1991,3,29,PNG,Oceania,4021837,2008.35151943089,68.8150100708008,83.1
Papua New Guinea,1992,16,61,PNG,Oceania,4166699,2206.99633305172,69.9693832397461,81.7
Papua New Guinea,1993,14,40,PNG,Oceania,4320872,2515.6383945071,72.833869934082,80.3
Papua New Guinea,1994,6,26,PNG,Oceania,4480208,2570.33691061958,74.340446472168,78.9
Papua New Guinea,1995,11,33,PNG,Oceania,4644278,2397.40045298857,73.4469528198242,77.7
Papua New Guinea,1996,26,106,PNG,Oceania,4813361,2492.07962762784,72.1458511352539,76.4
Papua New Guinea,1997,4,12,PNG,Oceania,4987883,2310.98773975643,71.4450531005859,75.2
Papua New Guinea,1998,2,40,PNG,Oceania,5166390,2147.04526266919,74.7489624023438,74.1
Papua New Guinea,1999,2,60,PNG,Oceania,5349333,2112.0950973955,NA,73
Papua New Guinea,2000,2,13,PNG,Oceania,5537064,1989.57882204274,68.3852920532227,71.9
Papua New Guinea,2001,6,65,PNG,Oceania,5728435,1920.78003889393,61.9906387329102,70.8
Papua New Guinea,2002,3,7,PNG,Oceania,5924003,1854.41831737462,59.6682815551758,69.6
Papua New Guinea,2012,4,57,PNG,Oceania,8081390,2139.48096660428,100.860790212899,55.9
Papua New Guinea,2019,3,30,PNG,Oceania,9609010,2572.56177967896,105.318008718042,45.9
Papua New Guinea,2021,4,38,PNG,Oceania,10012896,2378.3716816549,101.941113862706,43.1
Papua New Guinea,2022,16,109,PNG,Oceania,10203169,2467.23488790877,111.086149294969,41.7
Papua New Guinea,2023,1,1,PNG,Oceania,10389635,2515.29070398356,121.090488343548,40.3
Papua New Guinea,2024,8,135,PNG,Oceania,10576502,2564.73748186493,NA,NA
Paraguay,1989,1,150,PRY,Americas,NA,NA,NA,NA
Paraguay,2016,1,1,PRY,Americas,6249126,6041.95879367349,100.612358093262,21.5
Paraguay,2018,1,1,PRY,Americas,6427382,6354.2392005316,NA,20.1
Paraguay,2020,1,1,PRY,Americas,6603739,6109.19608100826,90.8342908567893,18.8
Paraguay,2021,1,4,PRY,Americas,6684182,6278.11006663809,92.5220031738281,18.2
Peru,1989,172,1945,PER,Americas,NA,NA,NA,NA
Peru,1990,140,1228,PER,Americas,22014771,2706.92253156841,115.288711547852,80.4
Peru,1991,122,1350,PER,Americas,22483775,2709.27754515647,113.666343688965,76.3
Peru,1992,128,1195,PER,Americas,22946340,2640.31373880219,111.031051635742,72
Peru,1993,72,779,PER,Americas,23413783,2723.2842310292,111.87198638916,67.5
Peru,1994,35,369,PER,Americas,23881493,2998.57693125514,113.52668762207,62.9
Peru,1995,41,274,PER,Americas,24348919,3158.98338644792,114.883460998535,58.2
Peru,1996,25,105,PER,Americas,24811171,3186.90077024092,114.472618103027,53.6
Peru,1997,19,116,PER,Americas,25274147,3331.15151093297,113.494117736816,49.2
Peru,1998,9,33,PER,Americas,25738095,3258.29746206218,116.306907653809,45.1
Peru,1999,16,89,PER,Americas,26186504,3250.37802318947,116.96556854248,41.3
Peru,2000,4,5,PER,Americas,26598331,3286.27308475523,116.377288818359,37.9
Peru,2001,3,21,PER,Americas,26964601,3261.6642505136,116.051170349121,34.9
Peru,2002,6,13,PER,Americas,27288217,3398.74991419297,115.819259643555,32.4
Peru,2003,4,13,PER,Americas,27580490,3502.79165687646,114.657218933105,30.1
Peru,2004,2,3,PER,Americas,27852190,3640.60299869744,114.192283630371,28.2
Peru,2005,1,0,PER,Americas,28101180,3835.13219279722,114.135032653809,26.5
Peru,2006,3,11,PER,Americas,28324491,4091.36268615581,114.313377380371,25
Peru,2007,9,32,PER,Americas,28530699,4407.79121686416,114.932861328125,23.7
Peru,2008,13,40,PER,Americas,28719041,4778.52642172313,112.584442138672,22.5
Peru,2009,13,54,PER,Americas,28896811,4801.17153740507,112.00821685791,21.4
Peru,2010,13,29,PER,Americas,29086019,5167.39259325937,112.186592102051,20.4
Peru,2011,11,15,PER,Americas,29304086,5453.45718713631,109.572143554688,19.6
Peru,2013,1,3,PER,Americas,29817919,6021.46142765232,105.152191162109,18.4
Peru,2014,8,14,PER,Americas,30115826,6103.91864749969,102.949859619141,17.9
Peru,2015,4,9,PER,Americas,30457600,6231.71150338894,102.787979125977,17.6
Peru,2016,2,11,PER,Americas,30866494,6392.25474941014,104.087951660156,17.3
Peru,2017,2,7,PER,Americas,31324637,6457.41940254721,102.807487487793,17.1
Peru,2019,1,2,PER,Americas,32449303,6626.26083494969,108.469970703125,16.8
Peru,2020,3,11,PER,Americas,32838579,5831.83024758521,113.065826416016,16.6
Peru,2021,3,20,PER,Americas,33155882,6547.84718181776,113.829208374023,16.4
Peru,2022,3,14,PER,Americas,33475438,6667.51695632036,114.349319458008,16.1
Peru,2023,2,12,PER,Americas,33845617,6568.0002779793,113.900588989258,15.8
Philippines,1989,136,984,PHL,Asia,NA,NA,NA,NA
Philippines,1990,128,1362,PHL,Asia,62854666,1704.07568899121,106.466331481934,56
Philippines,1991,113,1549,PHL,Asia,64382249,1656.38349704781,105.011001586914,52.7
Philippines,1992,59,445,PHL,Asia,65926125,1624.34939806129,103.304977416992,49.8
Philippines,1993,45,318,PHL,Asia,67530621,1620.35505833942,102.162200927734,47.3
Philippines,1994,40,308,PHL,Asia,69019291,1654.74613902838,100.19603729248,45.1
Philippines,1995,18,188,PHL,Asia,70546246,1693.80873081644,99.3184585571289,43.1
Philippines,1996,26,199,PHL,Asia,72190242,1752.23800104559,102.639106750488,41.4
Philippines,1997,40,322,PHL,Asia,73908810,1800.25913137613,103.284637451172,40
Philippines,1998,23,138,PHL,Asia,75791024,1746.52590513282,102.765266418457,38.8
Philippines,1999,48,219,PHL,Asia,77753257,1759.42105225652,103.614517211914,37.8
Philippines,2000,171,1761,PHL,Asia,79625397,1793.34761146436,104.052787780762,36.9
Philippines,2001,144,1053,PHL,Asia,81401488,1807.70892524758,103.305671691895,36.1
Philippines,2002,211,763,PHL,Asia,83068889,1837.25429286854,102.620742797852,35.2
Philippines,2003,152,1134,PHL,Asia,84731835,1892.82161995051,102.732582092285,34.4
Philippines,2004,136,471,PHL,Asia,86394504,1978.34489133113,102.275131225586,33.6
Philippines,2005,124,487,PHL,Asia,88015962,2037.8776605946,101.720321655273,32.8
Philippines,2006,131,434,PHL,Asia,89508986,2110.42044781284,100.087287902832,32.1
Philippines,2007,103,483,PHL,Asia,91075184,2209.34651083329,100.310913085938,31.4
Philippines,2008,182,566,PHL,Asia,92699095,2264.9462907288,101.465858459473,30.7
Philippines,2009,155,1048,PHL,Asia,94384250,2256.72554835463,102.759162902832,30.1
Philippines,2010,119,372,PHL,Asia,96337125,2373.14312064664,NA,29.6
Philippines,2011,149,414,PHL,Asia,98248614,2416.75212064542,NA,29.1
Philippines,2012,109,311,PHL,Asia,100175512,2533.74141964959,NA,28.7
Philippines,2013,139,537,PHL,Asia,102076336,2654.41506933978,NA,28.3
Philippines,2014,149,484,PHL,Asia,103767130,2776.92005909479,104.629987793486,28
Philippines,2015,203,628,PHL,Asia,105312992,2909.85818010301,103.408354699272,27.8
Philippines,2016,168,616,PHL,Asia,106735719,3076.3374186759,101.721937186986,27.8
Philippines,2017,267,1713,PHL,Asia,108119693,3247.4503878362,99.3666730080757,27.8
Philippines,2018,123,436,PHL,Asia,109465287,3410.93647976109,94.5541345217085,27.9
Philippines,2019,130,364,PHL,Asia,110804683,3575.88170922922,93.0076871274695,28
Philippines,2020,158,376,PHL,Asia,112081264,3198.66690008413,93.2822386485839,27.9
Philippines,2021,143,310,PHL,Asia,113100950,3350.97587587776,88.8345145801337,27.7
Philippines,2022,128,247,PHL,Asia,113964338,3577.70136573244,90.6131438325611,27.3
Philippines,2023,117,269,PHL,Asia,114891199,3744.69763802928,92.4462107015215,26.9
Philippines,2024,81,204,PHL,Asia,115843670,3925.3048697218,94.0330906383194,NA
Poland,2022,1,2,POL,Europe,36821749,17303.64494323,100.594268798828,4.4
Qatar,2004,1,0,QAT,Asia,773332,59990.23422872,93.3679122924805,10.8
Romania,1989,16,448,ROU,Europe,NA,NA,NA,NA
Russia,1989,6,160,RUS,Europe,NA,NA,NA,NA
Russia,1990,28,393,RUS,Europe,147969406,7849.51904296875,NA,21.7
Russia,1991,56,340,RUS,Europe,148394216,7432.021484375,NA,21.6
Russia,1992,1,1,RUS,Europe,148538197,6345.912109375,NA,21.7
Russia,1993,12,145,RUS,Europe,148458777,5798.91455078125,NA,21.9
Russia,1994,31,485,RUS,Europe,148407912,5071.74267578125,NA,22
Russia,1995,205,1910,RUS,Europe,148375787,4862.646484375,NA,22
Russia,1996,147,2764,RUS,Europe,148160129,4686.86279296875,NA,21.7
Russia,1997,5,13,RUS,Europe,147915361,4760.33935546875,NA,21.3
Russia,1998,3,7,RUS,Europe,147670784,4515.50927734375,NA,20.8
Russia,1999,68,6197,RUS,Europe,147214776,4819.38037109375,NA,20.2
Russia,2000,176,4333,RUS,Europe,146596869,5323.66650390625,110.809799194336,19.4
Russia,2001,159,992,RUS,Europe,145976482,5618.95556640625,115.666496276855,18.4
Russia,2002,388,1508,RUS,Europe,145306497,5910.171875,122.04638671875,17.3
Russia,2003,73,548,RUS,Europe,144648618,6370.45361328125,126.574638366699,16.1
Russia,2004,253,1317,RUS,Europe,144067316,6856.67822265625,NA,15
Russia,2005,247,688,RUS,Europe,143518814,7323.38525390625,96.7937927246094,13.9
Russia,2006,152,260,RUS,Europe,143049637,7949.89697265625,96.5280838012695,12.9
Russia,2007,145,182,RUS,Europe,142805114,8640.40625,96.1058807373047,12
Russia,2008,192,410,RUS,Europe,142742366,9093.7001953125,95.3222122192383,11.3
Russia,2009,315,698,RUS,Europe,142785348,8381.8681640625,95.5198287963867,10.7
Russia,2010,245,481,RUS,Europe,142849468,8755.1201171875,NA,10.4
Russia,2011,241,396,RUS,Europe,143018195,9120.8203125,96.133405106655,10.2
Russia,2012,223,525,RUS,Europe,143378447,9464.0107421875,97.262229693837,9.9
Russia,2013,179,365,RUS,Europe,143805638,9601.537109375,96.9484148725836,9.5
Russia,2014,76,176,RUS,Europe,144237223,9493.8125,97.4962712179576,8.9
Russia,2015,31,86,RUS,Europe,144640716,9277.7138671875,98.3827760103169,8.2
Russia,2016,29,78,RUS,Europe,145015460,9269.3193359375,98.3341307364642,7.5
Russia,2017,28,53,RUS,Europe,145293260,9418.9140625,100.767602587422,6.9
Russia,2018,21,38,RUS,Europe,145398106,9674.787109375,102.018364437962,6.3
Russia,2019,12,26,RUS,Europe,145453291,9882.0244140625,101.832335105065,5.8
Russia,2020,18,33,RUS,Europe,145245148,9632.3251953125,101.731047648404,5.4
Russia,2021,2,2,RUS,Europe,144746762,10231.318359375,100.890349270112,5.1
Russia,2022,32,67,RUS,Europe,144236933,10119.0625,100.122558846483,4.7
Russia,2023,87,204,RUS,Europe,143826130,10562.0263671875,97.7462041476013,4.5
Russia,2024,730,7819,RUS,Europe,143533851,11043.259765625,NA,NA
Rwanda,1990,37,2647,RWA,Africa,7375307,368.219602425258,NA,151.4
Rwanda,1991,38,1102,RWA,Africa,7526966,351.728542825213,NA,160.3
Rwanda,1992,32,647,RWA,Africa,7683266,364.8092069198,NA,175.3
Rwanda,1993,42,977,RWA,Africa,7981132,322.716818710568,NA,193.1
Rwanda,1994,2119,772463,RWA,Africa,6792352,188.658278473302,NA,389
Rwanda,1995,17,4232,RWA,Africa,5674118,305.387824462464,NA,218.2
Rwanda,1996,41,876,RWA,Africa,6708764,291.210840482528,NA,221.9
Rwanda,1997,131,7201,RWA,Africa,7755238,286.805194458463,NA,221.9
Rwanda,1998,67,1774,RWA,Africa,8081681,299.601139695983,NA,214.9
Rwanda,1999,1,29,RWA,Africa,8147912,310.098130200543,NA,201.9
Rwanda,2001,22,2044,RWA,Africa,8287094,358.446058691452,121.944969177246,166.8
Rwanda,2004,1,16,RWA,Africa,8816844,418.780997277457,131.434463500977,118.1
Rwanda,2009,1,2,RWA,Africa,10060432,557.397804859216,156.6142578125,69.2
Rwanda,2011,1,0,RWA,Africa,10573733,614.539650123021,154.129639895033,58.1
Rwanda,2012,4,13,RWA,Africa,10829901,651.852818665834,153.371821344578,54.5
Rwanda,2013,3,4,RWA,Africa,11093340,666.408788783175,123.70600355437401,51.7
Rwanda,2016,26,27,RWA,Africa,11919183,759.606288155109,140.620022753129,46.3
Rwanda,2017,9,10,RWA,Africa,12202060,771.069237513582,139.309946965821,45.2
Rwanda,2018,4,18,RWA,Africa,12487996,817.578437300032,137.129353849659,44.3
Rwanda,2019,1,19,RWA,Africa,12776103,874.639658935978,138.020075127914,43.4
Rwanda,2021,2,7,RWA,Africa,13355260,896.271033574985,151.063571867834,41.6
Rwanda,2022,3,8,RWA,Africa,13651030,948.413686948024,148.752482099863,40.8
Rwanda,2024,2,1,RWA,Africa,14256567,1070.45003770926,149.572183149389,NA
Saudi Arabia,1991,4,91,SAU,Asia,11160744,26742.682261559,NA,41.1
Saudi Arabia,2003,2,26,SAU,Asia,18786767,20765.9387688082,NA,18.5
Saudi Arabia,2004,41,91,SAU,Asia,19669480,21545.894988606,NA,17.5
Saudi Arabia,2005,17,31,SAU,Asia,20559890,21838.1915349374,115.50853729248,16.5
Saudi Arabia,2006,3,11,SAU,Asia,21459144,21616.3355772516,NA,15.6
Saudi Arabia,2007,2,2,SAU,Asia,22368313,21196.7926036633,120.881187438965,14.7
Saudi Arabia,2015,40,113,SAU,Asia,29816382,23256.1549553531,101.594836340679,9
Saudi Arabia,2016,33,125,SAU,Asia,30954198,22783.0328538685,103.42068748908,8.5
Saudi Arabia,2017,7,45,SAU,Asia,30977355,23035.1199977707,106.381546527147,8
Saudi Arabia,2018,8,11,SAU,Asia,30196281,24393.5188306638,105.80186450639,7.6
Saudi Arabia,2019,7,6,SAU,Asia,30063799,24905.6697428558,102.737519761619,7.2
Saudi Arabia,2020,1,0,SAU,Asia,31552510,22827.671935548,103.151902576284,6.9
Saudi Arabia,2021,3,6,SAU,Asia,30784383,24922.6716948944,100.895579929087,6.6
Saudi Arabia,2023,3,9,SAU,Asia,33702731,25634.8237547841,NA,6.2
Senegal,1989,11,121,SEN,Africa,NA,NA,NA,NA
Senegal,1990,14,84,SEN,Africa,7720523,990.777522619822,51.9371681213379,137.4
Senegal,1991,7,16,SEN,Africa,7943085,988.63221583773,52.3989906311035,135.5
Senegal,1992,16,135,SEN,Africa,8168395,974.054860027128,52.2593803405762,135
Senegal,1993,30,285,SEN,Africa,8396288,960.506561720788,51.8782196044922,135.5
Senegal,1995,39,329,SEN,Africa,8848101,960.84709282163,54.1760482788086,137.6
Senegal,1996,2,5,SEN,Africa,9067014,956.588791201654,57.8446083068848,138.4
Senegal,1997,32,366,SEN,Africa,9283495,962.736689457399,62.0025482177734,138.5
Senegal,1998,31,343,SEN,Africa,9502952,995.979085689636,65.5353469848633,137.3
Senegal,1999,9,31,SEN,Africa,9730887,1033.76396461633,64.9681625366211,134.3
Senegal,2000,23,56,SEN,Africa,9968260,1048.37474052363,68.4906311035156,129.3
Senegal,2001,12,47,SEN,Africa,10212942,1067.36886550595,70.5668487548828,122.1
Senegal,2002,15,45,SEN,Africa,10466214,1042.25509944289,71.6134872436523,113.5
Senegal,2003,5,39,SEN,Africa,10721176,1074.38578467686,75.9179763793945,104.5
Senegal,2004,1,3,SEN,Africa,10975704,1098.20064546027,78.7173461914062,95.9
Senegal,2005,2,46,SEN,Africa,11235472,1119.0505307548,80.6679611206055,88
Senegal,2006,4,126,SEN,Africa,11500094,1118.7830430051,80.4989929199219,81.1
Senegal,2008,3,11,SEN,Africa,12048959,1138.66883930214,84.4092330932617,70.3
Senegal,2009,11,19,SEN,Africa,12337389,1142.65317233964,84.0063171386719,66.3
Senegal,2010,9,19,SEN,Africa,12635413,1153.53431121583,83.8549053927634,63
Senegal,2011,14,37,SEN,Africa,12958897,1139.74447892639,86.5724487304688,60.1
Senegal,2012,10,23,SEN,Africa,13310495,1154.05677992367,86.4115600585938,57.7
Senegal,2013,4,8,SEN,Africa,13710849,1147.3859217191,82.6985436490722,55.7
Senegal,2018,1,1,SEN,Africa,15914498,1355.09610863712,NA,48.2
Senegal,2020,1,0,SEN,Africa,16789219,1361.79143748646,84.9031291477371,44.6
Senegal,2021,2,0,SEN,Africa,17220867,1414.5395109385,84.0612276417736,42.5
Serbia,1991,250,3295,SRB,Europe,7595636,NA,NA,26.1
Serbia,1992,387,1868,SRB,Europe,7604063,NA,NA,24.3
Serbia,1995,2,0,SRB,Europe,7628264,3012.49816736822,NA,19.5
Serbia,1996,3,2,SRB,Europe,7622185,3200.76825835814,NA,17.4
Serbia,1997,5,9,SRB,Europe,7598538,3497.55048957119,NA,15.6
Serbia,1998,221,1446,SRB,Europe,7567745,3699.40380796484,NA,14.2
Serbia,1999,335,2153,SRB,Europe,7540401,3329.4517344386,NA,13.2
Serbia,2001,1,0,SRB,Europe,7503433,3788.98233947399,102.520851135254,12
Sierra Leone,1991,128,1225,SLE,Africa,4246267,1003.7723819105599,45.3317413330078,257.1
Sierra Leone,1992,64,531,SLE,Africa,4166366,828.516034463031,NA,254.8
Sierra Leone,1993,68,642,SLE,Africa,4157130,841.770438078312,NA,252.5
Sierra Leone,1994,164,2097,SLE,Africa,4173105,822.218309819245,NA,249.7
Sierra Leone,1995,197,3194,SLE,Africa,4179179,755.343467472038,NA,246.5
Sierra Leone,1996,100,943,SLE,Africa,4199210,764.924518087367,NA,242.8
Sierra Leone,1997,137,1233,SLE,Africa,4253716,710.743788352538,NA,238.6
Sierra Leone,1998,360,5155,SLE,Africa,4295785,716.346032939256,NA,233.9
Sierra Leone,1999,199,4493,SLE,Africa,4318043,698.548063578049,NA,229
Sierra Leone,2000,59,856,SLE,Africa,4423611,727.240914632596,63.2500801086426,223.7
Sierra Leone,2001,19,73,SLE,Africa,4692716,642.036645844304,75.623893737793,218.2
Sierra Leone,2002,1,1,SLE,Africa,4971435,766.788693742901,NA,212.6
Sierra Leone,2021,1,1,SLE,Africa,8094602,1045.7661615758,157.709757576001,101.4
Solomon Islands,1992,1,2,SLB,Oceania,352205,2029.95281576767,90.2474517822266,36.2
Somalia,1989,33,1061,SOM,Africa,NA,NA,NA,NA
Somalia,1990,52,2700,SOM,Africa,7082811,259.400021870078,NA,180
Somalia,1991,20,8455,SOM,Africa,6813760,277.598802350408,NA,442.9
Somalia,1992,18,4729,SOM,Africa,6495107,266.498410042902,NA,456
Somalia,1993,20,483,SOM,Africa,6681399,269.406204622588,NA,172.6
Somalia,1994,37,626,SOM,Africa,7026797,210.446194601775,NA,172.3
Somalia,1995,69,444,SOM,Africa,7285007,211.087530841637,NA,172.3
Somalia,1996,92,949,SOM,Africa,7554474,219.936381873579,NA,172.3
Somalia,1997,27,277,SOM,Africa,7824525,214.852351289061,NA,172.3
Somalia,1998,18,330,SOM,Africa,8155417,219.712160749346,NA,172.3
Somalia,1999,42,542,SOM,Africa,8492059,226.444111028735,NA,172.3
Somalia,2000,27,185,SOM,Africa,8838713,233.032393086265,NA,172.3
Somalia,2001,31,483,SOM,Africa,9198493,239.83907408804,NA,172.3
Somalia,2002,61,638,SOM,Africa,9550063,248.636454000766,NA,172.3
Somalia,2003,49,405,SOM,Africa,9909157,257.910337235986,NA,172.3
Somalia,2004,52,670,SOM,Africa,10280998,266.257271856641,NA,172.3
Somalia,2005,26,340,SOM,Africa,10644228,275.457040798093,NA,172.3
Somalia,2006,79,1204,SOM,Africa,10975502,284.470789865234,NA,171.5
Somalia,2007,294,1620,SOM,Africa,11322582,294.210404466634,22.7854194641113,169.7
Somalia,2008,288,1751,SOM,Africa,11663084,304.741448811117,NA,166.1
Somalia,2009,255,2204,SOM,Africa,11961201,317.03818481457,NA,161.8
Somalia,2010,313,2722,SOM,Africa,12261756,329.970504936941,NA,185.9
Somalia,2011,271,2118,SOM,Africa,12348830,349.577449077722,NA,358.5
Somalia,2012,446,2989,SOM,Africa,12461160,369.617204753385,NA,184.1
Somalia,2013,383,1045,SOM,Africa,12869594,397.108796344858,NA,142.6
Somalia,2014,406,1247,SOM,Africa,13339491,417.516796906395,NA,137.8
Somalia,2015,319,1254,SOM,Africa,13806963,445.583080073396,NA,133.6
Somalia,2016,377,2073,SOM,Africa,14348740,458.921476824605,NA,129.6
Somalia,2017,285,2071,SOM,Africa,14916629,506.501098879459,NA,155.4
Somalia,2018,509,2507,SOM,Africa,15452487,498.981065013872,NA,136
Somalia,2019,426,2219,SOM,Africa,16030971,494.444039712339,NA,118.1
Somalia,2020,394,2120,SOM,Africa,16651191,462.867053737236,NA,114.4
Somalia,2021,390,2269,SOM,Africa,17271431,461.627830725978,NA,110.9
Somalia,2022,338,3115,SOM,Africa,17801897,460.046226685196,NA,142.9
Somalia,2023,247,4216,SOM,Africa,18358615,464.721069525567,20.9155502319336,104
Somalia,2024,174,2514,SOM,Africa,19009151,467.269910194415,NA,NA
South Africa,1989,279,645,ZAF,Africa,NA,NA,NA,NA
South Africa,1990,562,1459,ZAF,Africa,40746268,4544.23023212165,104.668037414551,58.2
South Africa,1991,448,737,ZAF,Africa,41687898,4396.36069450543,103.930038452148,57
South Africa,1992,574,761,ZAF,Africa,42443509,4225.814328485,NA,56.6
South Africa,1993,576,895,ZAF,Africa,43297156,4193.59826135345,NA,57
South Africa,1994,263,532,ZAF,Africa,44004139,4258.26184733408,102.505897521973,58.2
South Africa,1995,39,143,ZAF,Africa,44541554,4337.29729686998,101.34245300293,59.5
South Africa,1996,37,156,ZAF,Africa,45123018,4465.50649854807,NA,61.1
South Africa,1997,20,30,ZAF,Africa,45666838,4527.04992403877,98.2605972290039,62.9
South Africa,1998,23,44,ZAF,Africa,46223880,4494.85711232358,97.4948425292969,65.6
South Africa,1999,11,19,ZAF,Africa,46730335,4552.85007973031,97.4272766113281,68.5
South Africa,2000,1,0,ZAF,Africa,47159719,4700.87555500704,92.5673980712891,71.1
South Africa,2002,3,2,ZAF,Africa,48019415,4916.81498068625,95.7393798828125,76.9
South Africa,2004,4,0,ZAF,Africa,48991421,5187.35683424034,97.8168182373047,81
South Africa,2010,1,1,ZAF,Africa,52344051,5953.94506512821,103.439766353826,50
South Africa,2015,1,0,ZAF,Africa,56723537,6112.27382485974,107.31211891045,38.2
South Africa,2016,3,3,ZAF,Africa,57259551,6095.295060428,103.418217474354,36.8
South Africa,2018,3,12,ZAF,Africa,58613001,6117.2701406047,100.424313489355,34.9
South Africa,2019,6,8,ZAF,Africa,59587885,6032.82972598668,101.120463910543,34.5
South Africa,2020,18,29,ZAF,Africa,60562381,5569.58483319272,101.300342707463,34.1
South Africa,2021,12,123,ZAF,Africa,61502603,5750.90937479584,101.741377795018,34.1
South Africa,2022,4,4,ZAF,Africa,62378410,5786.86505344736,102.402386766287,34.4
South Africa,2023,5,5,ZAF,Africa,63212384,5756.55049453121,101.772235793474,34.7
South Africa,2024,2,2,ZAF,Africa,64007187,5715.47531469148,NA,NA
South Sudan,2011,31,1194,SSD,Africa,10288109,2073.23981819145,90.4091110229492,104.5
South Sudan,2012,59,864,SSD,Africa,10756240,1069.19619080938,NA,100.9
South Sudan,2013,99,1827,SSD,Africa,11166275,1165.16202707495,NA,99.2
South Sudan,2014,125,2491,SSD,Africa,11235073,1197.09491969479,NA,182.3
South Sudan,2015,99,1137,SSD,Africa,11107561,1080.14718624765,70.3178024291992,236.6
South Sudan,2016,69,1303,SSD,Africa,10830102,NA,NA,263.9
South Sudan,2017,116,1271,SSD,Africa,10259154,NA,NA,278.2
South Sudan,2018,157,1229,SSD,Africa,10122977,NA,NA,132.4
South Sudan,2019,68,642,SSD,Africa,10423384,NA,NA,98.7
South Sudan,2020,63,748,SSD,Africa,10698467,NA,NA,98.7
South Sudan,2021,55,891,SSD,Africa,10865780,NA,NA,98.7
South Sudan,2022,35,728,SSD,Africa,11021177,NA,NA,98.7
South Sudan,2023,10,224,SSD,Africa,11483374,NA,NA,98.7
South Sudan,2024,15,697,SSD,Africa,11943408,NA,98.4412384033203,NA
Spain,1989,12,17,ESP,Europe,NA,NA,NA,NA
Spain,1990,10,19,ESP,Europe,38867322,19174.77083233,NA,9.2
Spain,1991,23,45,ESP,Europe,38966376,19612.9766041957,NA,8.8
Spain,1992,15,23,ESP,Europe,39157685,19698.51176766,NA,8.3
Spain,1993,6,12,ESP,Europe,39361262,19394.4931411816,NA,7.9
Spain,1994,9,11,ESP,Europe,39549108,19762.3886289154,NA,7.4
Spain,1995,10,13,ESP,Europe,39724050,20217.9031940372,NA,6.9
Spain,1996,4,4,ESP,Europe,39889852,20658.8402775701,NA,6.5
Spain,1997,11,12,ESP,Europe,40057389,21310.4311888986,NA,6.1
Spain,1998,6,7,ESP,Europe,40223509,22135.4045018802,NA,5.8
Spain,2000,15,20,ESP,Europe,40567864,24106.8818529374,104.224510192871,5.4
Spain,2001,12,13,ESP,Europe,40850412,24878.3784543991,104.563087463379,5.3
Spain,2002,4,5,ESP,Europe,41431558,25205.3154769045,105.450859069824,5.1
Spain,2003,2,3,ESP,Europe,42187645,25481.1653690112,105.158348083496,5
Spain,2004,1,191,ESP,Europe,42921895,25825.3106463315,105.000923156738,4.9
Spain,2008,2,2,ESP,Europe,45954106,27112.526293889,102.449981689453,4.2
Spain,2009,2,3,ESP,Europe,46362946,25860.8142592652,102.095718383789,4
Spain,2017,3,16,ESP,Europe,46571232,27426.281015093,102.50511932373,3.2
Spain,2023,1,2,ESP,Europe,48352528,28558.6319817501,103.002769470215,3.1
Sri Lanka,1989,192,1288,LKA,Asia,NA,NA,NA,NA
Sri Lanka,1990,244,4840,LKA,Asia,16352458,1388.58951823335,110.380340576172,23.3
Sri Lanka,1991,316,6646,LKA,Asia,16475354,1441.62996809528,113.819549560547,23.2
Sri Lanka,1992,180,4444,LKA,Asia,16739284,1481.33110127451,114.770050048828,22.9
Sri Lanka,1993,111,2084,LKA,Asia,17025918,1556.88467456091,116.811027526855,22.2
Sri Lanka,1994,80,712,LKA,Asia,17275773,1620.2912104558,117.23023223877,21.4
Sri Lanka,1995,252,4971,LKA,Asia,17564068,1681.35053208093,119.98664855957,20.5
Sri Lanka,1996,120,4097,LKA,Asia,17905018,1712.00815802791,111.966049194336,19.5
Sri Lanka,1997,135,2902,LKA,Asia,18248200,1787.41017985524,NA,18.6
Sri Lanka,1998,179,3830,LKA,Asia,18596003,1836.38946262206,107.307228088379,17.6
Sri Lanka,1999,184,1948,LKA,Asia,18944731,1880.1067802774,NA,16.9
Sri Lanka,2000,177,2569,LKA,Asia,19293054,1956.93310381072,NA,16.3
Sri Lanka,2001,136,1162,LKA,Asia,19600362,1896.48251734068,102.919822692871,15.8
Sri Lanka,2002,5,17,LKA,Asia,19805752,1951.22522777045,100.614151000977,15.5
Sri Lanka,2003,23,33,LKA,Asia,19951521,2052.03045078787,97.2239837646484,15.2
Sri Lanka,2004,36,84,LKA,Asia,20087605,2149.10628588002,92.1975326538086,28.8
Sri Lanka,2005,83,130,LKA,Asia,20216524,2268.6880127005,94.2228393554688,14
Sri Lanka,2006,229,2173,LKA,Asia,20352411,2426.34873273046,94.2331619262695,13.3
Sri Lanka,2007,488,2564,LKA,Asia,20492545,2573.54362192705,94.312141418457,12.6
Sri Lanka,2008,1016,8453,LKA,Asia,20629378,2708.58594222506,94.1940231323242,12
Sri Lanka,2009,387,10418,LKA,Asia,20756435,2787.27350976338,92.6846313476562,20.8
Sri Lanka,2011,2,2,LKA,Asia,21009048,3232.37350382301,97.2173193437696,10.8
Sri Lanka,2013,1,5,LKA,Asia,20585000,3728.93586647848,97.2127527169757,9.8
Sri Lanka,2017,1,1,LKA,Asia,21453000,4436.00789945768,96.6249037351597,7.9
Sri Lanka,2019,4,255,LKA,Asia,21803000,4455.78189608267,95.4735034890634,7.2
Sudan,1989,33,7533,SDN,Africa,NA,NA,NA,NA
Sudan,1990,63,5335,SDN,Africa,22021481,764.450439453125,NA,131.8
Sudan,1991,30,4566,SDN,Africa,22470676,805.367309570313,NA,129.5
Sudan,1992,57,4314,SDN,Africa,22927355,842.008605957031,NA,127.1
Sudan,1993,78,6042,SDN,Africa,23445592,862.978149414063,NA,124.6
Sudan,1994,19,977,SDN,Africa,24043948,850.299438476563,NA,122
Sudan,1995,43,1494,SDN,Africa,24672143,877.693298339844,NA,119.3
Sudan,1996,54,2735,SDN,Africa,25231528,908.66015625,NA,116.4
Sudan,1997,90,4872,SDN,Africa,25799821,1050.31994628906,NA,113.4
Sudan,1998,126,5958,SDN,Africa,26458999,1069.27197265625,NA,110.2
Sudan,1999,64,2067,SDN,Africa,27130613,1074.88098144531,NA,106.9
Sudan,2000,71,3537,SDN,Africa,27816745,1111.11865234375,NA,103.4
Sudan,2001,74,3719,SDN,Africa,28516770,1150.17626953125,54.9207382202148,99.9
Sudan,2002,54,3207,SDN,Africa,29228727,1185.21533203125,55.170108795166,96.5
Sudan,2003,103,5010,SDN,Africa,29896035,1226.42077636719,56.535831451416,93.1
Sudan,2004,224,9712,SDN,Africa,30556637,1255.67114257813,58.0592002868652,102.6
Sudan,2005,87,1505,SDN,Africa,31262444,1290.24438476563,59.3962097167969,100.1
Sudan,2006,109,2187,SDN,Africa,31992435,1336.1240234375,63.7515182495117,84
Sudan,2007,71,1180,SDN,Africa,32764135,1372.10961914063,63.5354995727539,81.3
Sudan,2008,98,1241,SDN,Africa,33623980,1381.62561035156,68.9424591064453,78.8
Sudan,2009,125,2689,SDN,Africa,34569113,1301.34729003906,68.2343368530273,76.4
Sudan,2010,94,1790,SDN,Africa,35414399,1311.22314453125,67.3397827148438,74.2
Sudan,2011,165,2567,SDN,Africa,36140806,1388.21813964844,64.9761810302734,72.2
Sudan,2012,115,1525,SDN,Africa,36923178,1288.25854492188,66.0605392456055,70.2
Sudan,2013,141,1959,SDN,Africa,37785849,1283.45922851563,66.95703125,68.3
Sudan,2014,160,1912,SDN,Africa,38823318,1307.3896484375,67.05712890625,66.4
Sudan,2015,365,2558,SDN,Africa,40024431,1292.37963867188,67.6649703979492,64.5
Sudan,2016,250,1997,SDN,Africa,41259892,1297.15454101563,69.8550796508789,62.6
Sudan,2017,63,548,SDN,Africa,42714306,1261.87353515625,70.3664779663086,60.7
Sudan,2018,101,432,SDN,Africa,44230596,1185.94445800781,72.0317687988281,58.9
Sudan,2019,92,435,SDN,Africa,45548175,1126.55297851563,72.3981094360352,57.1
Sudan,2020,70,627,SDN,Africa,46789231,1056.86474609375,NA,55.3
Sudan,2021,77,862,SDN,Africa,48066924,1009.54888916016,NA,53.6
Sudan,2022,110,1407,SDN,Africa,49383346,973.225280761719,NA,51.8
Sudan,2023,375,7837,SDN,Africa,50042791,677.723205566406,NA,50.1
Sudan,2024,705,7103,SDN,Africa,50448963,578.38916015625,NA,NA
Sweden,2017,1,5,SWE,Europe,10057698,51894.3748177808,122.896057128906,2.8
Syria,2004,3,8,SYR,Asia,18336875,1363.61946683869,114.180770874023,20.3
Syria,2008,1,1,SYR,Asia,21636564,1423.59559425951,115.694946289062,19
Syria,2011,954,4347,SYR,Asia,22878098,1542.71957174916,119.229217529297,21.7
Syria,2012,11825,53699,SYR,Asia,22759763,1142.29080150598,120.19310760498,33.9
Syria,2013,18649,76500,SYR,Asia,21666917,884.329813332104,72.3519897460938,36.5
Syria,2014,16696,78689,SYR,Asia,20273659,847.659877206276,NA,35.3
Syria,2015,11382,59609,SYR,Asia,19424618,847.731631942565,NA,37
Syria,2016,9472,53891,SYR,Asia,19193834,802.969498335502,NA,32.2
Syria,2017,8071,38517,SYR,Asia,19224668,795.883216970859,NA,33
Syria,2018,3557,21730,SYR,Asia,19577845,792.413811698757,NA,32.6
Syria,2019,2382,11208,SYR,Asia,20353534,771.518695271305,NA,25
Syria,2020,1140,5690,SYR,Asia,21049429,740.811397013438,70.3771514892578,22.4
Syria,2021,823,1948,SYR,Asia,21628839,734.334236323426,68.5588684082031,21
Syria,2022,793,1671,SYR,Asia,22462173,712.272278200037,72.1296768188477,21.1
Syria,2023,1006,2187,SYR,Asia,23594623,NA,76.7710494995117,20.6
Syria,2024,1107,3616,SYR,Asia,24672760,NA,81.4114685058594,NA
Tajikistan,1992,38,3859,TJK,Asia,5649400,827.586884623268,90.2617492675781,105.9
Tajikistan,1993,34,1045,TJK,Asia,5724993,682.727259317268,83.5212631225586,108.7
Tajikistan,1994,31,366,TJK,Asia,5825368,528.04821736829,87.138801574707,109.5
Tajikistan,1995,46,368,TJK,Asia,5948584,452.904385394465,86.0434494018555,107.9
Tajikistan,1996,66,2797,TJK,Asia,6066523,369.934883507426,85.0361328125,104
Tajikistan,1997,10,97,TJK,Asia,6139829,371.661243144454,83.0846176147461,98.6
Tajikistan,1998,19,600,TJK,Asia,6176397,389.089746664022,91.3452072143555,92.6
Tajikistan,1999,3,4,TJK,Asia,6208370,401.406381787908,93.6235427856445,86.2
Tajikistan,2000,2,46,TJK,Asia,6284735,429.537300984643,96.7624206542969,79.7
Tajikistan,2005,1,1,TJK,Asia,6924720,618.333702588577,97.2828369140625,52.2
Tajikistan,2006,4,8,TJK,Asia,7057566,649.163328755334,96.9107971191406,48.2
Tajikistan,2009,7,17,TJK,Asia,7490230,739.212878526331,99.2148590087891,39.2
Tajikistan,2010,21,98,TJK,Asia,7652141,770.604105393791,99.0505828857422,37
Tajikistan,2011,5,28,TJK,Asia,7824785,809.368229154093,96.7038269042969,35.2
Tajikistan,2013,2,3,TJK,Asia,8216724,889.882383099979,91.7747421264648,32.3
Tajikistan,2014,2,3,TJK,Asia,8425552,925.970961482804,90.3201599121094,31.2
Tajikistan,2018,3,56,TJK,Asia,9307333,1094.8002018221,NA,28.3
Tajikistan,2019,3,53,TJK,Asia,9529966,1148.34676712493,NA,28.1
Tajikistan,2021,5,16,TJK,Asia,9966908,1254.06999592306,100.368730862382,27.9
Tajikistan,2022,26,87,TJK,Asia,10182222,1325.75545290849,99.9668886016055,27.7
Tanzania,1992,1,1,TZA,Africa,27457588,528.781555175781,67.8285980224609,163
Tanzania,1996,1,10,TZA,Africa,30945762,522.333251953125,67.9035873413086,152.4
Tanzania,1997,1,3,TZA,Africa,31578089,529.954223632813,68.5283508300781,147.8
Tanzania,1999,1,0,TZA,Africa,33300330,546.605529785156,67.8792419433594,135.8
Tanzania,2001,7,37,TZA,Africa,35198299,573.400146484375,75.7181167602539,120.6
Tanzania,2007,1,3,TZA,Africa,41435512,731.52001953125,108.751991271973,81.6
Tanzania,2012,1,1,TZA,Africa,47374260,851.910705566406,91.9735025482608,62.1
Tanzania,2014,1,10,TZA,Africa,50351512,913.811218261719,85.9364790514687,56.7
Tanzania,2017,1,1,TZA,Africa,55652890,1001.55895996094,89.5967210005503,50.2
Tanzania,2018,1,1,TZA,Africa,57437145,1024.01525878906,94.9840282240997,48
Tanzania,2019,3,8,TZA,Africa,59174891,1051.7666015625,97.6456520812412,46
Tanzania,2020,17,44,TZA,Africa,60972798,1041.25964355469,98.5753622403869,44.2
Tanzania,2021,8,26,TZA,Africa,62830412,1054.31726074219,98.6999541804178,42.2
Tanzania,2022,3,4,TZA,Africa,64711821,1070.58532714844,90.6152672281358,40.5
Tanzania,2024,5,6,TZA,Africa,68560157,1120.77416992188,92.6902654262381,NA
Thailand,1989,3,6,THA,Asia,NA,NA,NA,NA
Thailand,1990,4,20,THA,Asia,54738329,2631.51971095863,NA,36.9
Thailand,1991,1,2,THA,Asia,55637434,2810.56702001316,NA,34.9
Thailand,1992,1,0,THA,Asia,56528834,2989.85385369019,NA,33
Thailand,1993,2,1,THA,Asia,57408198,3186.99707103229,NA,31.2
Thailand,1994,1,1,THA,Asia,58260854,3391.48986604062,NA,29.6
Thailand,1995,7,12,THA,Asia,59098232,3614.93244016732,NA,28.1
Thailand,1996,1,1,THA,Asia,59920064,3766.86364433088,NA,26.7
Thailand,1997,3,7,THA,Asia,60724584,3614.60848543994,NA,25.3
Thailand,1998,4,12,THA,Asia,61522630,3295.36018381294,NA,24.1
Thailand,1999,1,1,THA,Asia,62299043,3403.08737356896,NA,22.9
Thailand,2000,1,8,THA,Asia,63007815,3514.71662970608,NA,21.8
Thailand,2001,3,25,THA,Asia,63651141,3599.02524877358,95.3342666625977,20.8
Thailand,2002,1,23,THA,Asia,64266437,3783.75422073266,96.070182800293,19.8
Thailand,2003,16,26,THA,Asia,64868166,4018.15538187068,NA,18.9
Thailand,2004,126,310,THA,Asia,65452047,4232.77157261934,97.9626998901367,18.1
Thailand,2005,434,494,THA,Asia,66017420,4372.25730206261,98.4672393798828,17.3
Thailand,2006,445,541,THA,Asia,66567687,4551.5250018314,98.4360427856445,16.6
Thailand,2007,367,518,THA,Asia,67102394,4760.66708464831,97.8308029174805,15.9
Thailand,2008,224,328,THA,Asia,67619830,4805.76393990836,96.5354995727539,15.3
Thailand,2009,169,258,THA,Asia,68121080,4737.45679763314,93.5188827514648,14.7
Thailand,2010,157,221,THA,Asia,68579447,5059.35747831657,89.2488479614258,14.2
Thailand,2011,177,277,THA,Asia,69007208,5070.23740191942,95.6526031494141,13.7
Thailand,2012,141,244,THA,Asia,69436098,5403.87846036273,96.4982681274414,13.2
Thailand,2013,136,249,THA,Asia,69845114,5516.61164164135,97.1840591430664,12.7
Thailand,2014,71,100,THA,Asia,70216367,5541.46599361845,103.479377746582,12.3
Thailand,2015,55,84,THA,Asia,70540795,5688.85335397884,103.333457946777,11.9
Thailand,2016,49,69,THA,Asia,70859841,5857.78052935926,104.941299438477,11.5
Thailand,2017,27,50,THA,Asia,71160187,6076.74307700082,101.863590810489,11.1
Thailand,2018,40,61,THA,Asia,71376079,6314.19948412043,102.013545184574,10.8
Thailand,2019,27,60,THA,Asia,71522271,6434.53770518034,103.012241063391,10.4
Thailand,2020,33,47,THA,Asia,71641484,6035.18627737077,103.859900460568,10.1
Thailand,2021,28,41,THA,Asia,71727332,6121.52696529713,103.619796585158,9.8
Thailand,2022,26,36,THA,Asia,71735329,6278.7855138276,104.833004394528,9.5
Thailand,2023,25,31,THA,Asia,71702435,6408.41432577294,102.574975655738,9.2
Thailand,2024,32,40,THA,Asia,71668011,6574.46109387985,101.004223573604,NA
Togo,1991,4,63,TGO,Africa,4115560,678.86984140241,93.8582382202148,145.2
Togo,1992,2,5,TGO,Africa,4233617,633.669030222095,92.4719924926758,143.3
Togo,1993,3,48,TGO,Africa,4207453,541.357064850428,NA,141.1
Togo,1998,4,9,TGO,Africa,4860913,706.689579910124,112.366470336914,126.7
Togo,2005,93,436,TGO,Africa,5844631,630.248678309054,109.478187561035,102.7
Togo,2019,1,1,TGO,Africa,8463068,810.512262603518,117.747746676497,66.3
Togo,2022,8,62,TGO,Africa,9089738,861.508010803054,118.42316752898,60.2
Togo,2023,20,76,TGO,Africa,9304337,893.753030300995,116.335465545392,58.3
Togo,2024,15,68,TGO,Africa,9515236,931.029965529857,114.272773524266,NA
Trinidad & Tobago,1990,3,39,TTO,Americas,1252208,6058.21521640153,93.2106094360352,32.5
Tunisia,2002,1,21,TUN,Africa,9971515,2950.20410959054,112.205703735352,25.5
Tunisia,2011,2,8,TUN,Africa,10886035,3784.7412903401,103.612007141113,18.5
Tunisia,2012,2,3,TUN,Africa,11009647,3900.04620132702,105.188629150391,18.4
Tunisia,2013,8,29,TUN,Africa,11141361,3947.58763533174,106.021850585938,18.3
Tunisia,2014,22,51,TUN,Africa,11274288,4021.59954703591,106.861503601074,18.3
Tunisia,2015,26,137,TUN,Africa,11402264,4014.94773686432,106.851280212402,18.2
Tunisia,2016,15,88,TUN,Africa,11528674,4015.28893802703,106.044746398926,18.1
Tunisia,2017,10,15,TUN,Africa,11650498,4062.80606534519,105.552917480469,17.9
Tunisia,2018,13,25,TUN,Africa,11765514,4127.97005697994,105.109878540039,17.5
Tunisia,2019,9,20,TUN,Africa,11875081,4153.27978615515,NA,16.9
Tunisia,2020,5,12,TUN,Africa,11974057,3749.26841452928,103.975509643555,16
Tunisia,2021,9,18,TUN,Africa,12048622,3902.53322990199,104.342628479004,15
Tunisia,2022,1,3,TUN,Africa,12119334,3986.54558325666,104.063652038574,13.9
Tunisia,2023,1,3,TUN,Africa,12200431,3967.33387634534,104.424217224121,12.9
Turkey,1989,201,538,TUR,Asia,NA,NA,NA,NA
Turkey,1990,223,630,TUR,Asia,56015628,5188.18244439241,NA,73.8
Turkey,1991,158,448,TUR,Asia,57009887,5134.41760859332,NA,69.5
Turkey,1992,341,1926,TUR,Asia,57990118,5301.80855995835,NA,65.2
Turkey,1993,500,2765,TUR,Asia,58999167,5609.85056721492,NA,61.1
Turkey,1994,638,4182,TUR,Asia,60033836,5255.80339746778,NA,57.3
Turkey,1995,816,3650,TUR,Asia,61024503,5577.82539654281,NA,53.5
Turkey,1996,647,3811,TUR,Asia,61951134,5887.67309798528,NA,50
Turkey,1997,498,2600,TUR,Asia,62852966,6230.18622126407,NA,46.6
Turkey,1998,328,2058,TUR,Asia,63734383,6261.28870069222,NA,43.3
Turkey,1999,267,1155,TUR,Asia,64591923,5989.55700860592,NA,40.3
Turkey,2000,33,153,TUR,Asia,65425961,6326.25746472488,105.348022460938,37.4
Turkey,2001,33,120,TUR,Asia,66245128,5906.92348536699,107.175216674805,34.7
Turkey,2002,21,34,TUR,Asia,67048795,6211.70542960394,107.681411743164,32.2
Turkey,2003,43,150,TUR,Asia,67831730,6496.07277294612,104.261337280273,29.9
Turkey,2004,124,221,TUR,Asia,68592617,7061.62219794984,104.270729064941,27.7
Turkey,2005,114,295,TUR,Asia,69329557,7623.14640948457,104.605560302734,25.7
Turkey,2006,92,226,TUR,Asia,70045349,8078.5153787571,104.943740844727,23.8
Turkey,2007,137,502,TUR,Asia,70158112,8477.53328393352,105.445426940918,22.1
Turkey,2008,129,491,TUR,Asia,71051678,8447.93976396947,102.862808227539,20.6
Turkey,2009,47,138,TUR,Asia,72039206,7925.30110421185,101.92414855957,19.2
Turkey,2010,78,234,TUR,Asia,73142150,8472.57809050119,104.570068359375,17.9
Turkey,2011,114,410,TUR,Asia,74223629,9265.85910238578,105.751289367676,16.8
Turkey,2012,141,789,TUR,Asia,75175827,9588.32066531438,104.708396911621,15.8
Turkey,2013,9,75,TUR,Asia,76147624,10269.4489140773,114.724349975586,14.9
Turkey,2014,8,11,TUR,Asia,77181884,10597.9801881716,111.935722351074,14
Turkey,2015,232,1061,TUR,Asia,78218479,11064.6494504662,107.29418182373,13.3
Turkey,2016,234,1561,TUR,Asia,79277962,11279.6169531569,105.28328704834,12.6
Turkey,2017,65,462,TUR,Asia,80312698,12005.6459824832,97.4918975830078,12
Turkey,2018,181,461,TUR,Asia,81407204,12255.0082146169,100.931251525879,11.5
Turkey,2019,144,311,TUR,Asia,82579440,12238.2950220128,103.962959289551,11
Turkey,2020,116,226,TUR,Asia,83384680,12338.643833135,103.296417236328,10.5
Turkey,2021,82,132,TUR,Asia,84147318,13670.938029516,102.596397399902,10.1
Turkey,2022,65,107,TUR,Asia,84979913,14273.5747654873,102.487701416016,9.6
Turkey,2023,58,108,TUR,Asia,85325965,14932.8851363122,NA,12.8
Turkey,2024,28,43,TUR,Asia,85518661,15395.0278894893,NA,NA
Uganda,1989,24,1057,UGA,Africa,NA,NA,NA,NA
Uganda,1990,34,809,UGA,Africa,17569897,369.839286985576,71.945068359375,182.8
Uganda,1991,21,1018,UGA,Africa,18155901,377.780503685951,72.7517013549805,178.6
Uganda,1992,4,76,UGA,Africa,18785032,377.609612721367,65.5340118408203,174.3
Uganda,1994,18,160,UGA,Africa,20108801,406.592301920177,70.2334213256836,167
Uganda,1995,20,537,UGA,Africa,20665667,441.226201168263,70.3320236206055,164.5
Uganda,1996,120,1798,UGA,Africa,21231550,468.427898950193,71.2086181640625,162.4
Uganda,1997,77,1354,UGA,Africa,21856046,478.250663988847,118.066772460938,159.8
Uganda,1998,121,1214,UGA,Africa,22515806,487.008977266219,124.29158782959,156.2
Uganda,1999,89,1024,UGA,Africa,23257281,509.455395054388,129.493148803711,151.5
Uganda,2000,116,1238,UGA,Africa,24000150,509.19755319016,130.160614013672,145.6
Uganda,2001,55,212,UGA,Africa,24745676,519.456547890884,132.115478515625,138.8
Uganda,2002,164,1316,UGA,Africa,25532870,547.405338919875,135.938568115234,131.2
Uganda,2003,194,1628,UGA,Africa,26352124,564.720539196569,136.626251220703,123.1
Uganda,2004,251,2004,UGA,Africa,27154515,585.339489080616,127.906692504883,114.9
Uganda,2005,221,922,UGA,Africa,27963289,604.404813057618,121.473258972168,107
Uganda,2006,98,334,UGA,Africa,28794003,650.270540867444,120.099899291992,99.7
Uganda,2007,21,156,UGA,Africa,29653430,684.542241787248,119.325012207031,93
Uganda,2008,8,32,UGA,Africa,30539553,722.565167003452,122.437309265137,86.9
Uganda,2009,6,59,UGA,Africa,31451151,749.342865535423,123.943656921387,81.4
Uganda,2010,1,74,UGA,Africa,32390802,768.624091660131,121.312210083008,76.1
Uganda,2014,1,7,UGA,Africa,36395539,845.978664791099,NA,59.1
Uganda,2016,2,30,UGA,Africa,38799152,874.648370639216,106.540283203125,52.5
Uganda,2017,1,0,UGA,Africa,40177388,871.093880017151,106.169578552246,49.8
Uganda,2018,2,2,UGA,Africa,41565831,895.07512785438,NA,47.4
Uganda,2019,2,2,UGA,Africa,42999637,920.939101515671,NA,45.3
Uganda,2021,12,23,UGA,Africa,45910930,919.401675217265,NA,41.8
Uganda,2022,6,25,UGA,Africa,47312719,933.094056370423,NA,40.5
Uganda,2023,12,79,UGA,Africa,48656601,955.745797275462,NA,38.8
Uganda,2024,1,1,UGA,Africa,50015092,986.090145363924,NA,NA
Ukraine,2014,1303,4946,UKR,Europe,45972380,2308.6435546875,95.4720427707137,9.8
Ukraine,2015,871,1894,UKR,Europe,45784896,2094.47387695313,87.8509930688999,9.4
Ukraine,2016,514,699,UKR,Europe,45616832,2156.0830078125,87.4091952779085,9.1
Ukraine,2017,216,447,UKR,Europe,45436041,2217.7529296875,88.2140898931621,8.9
Ukraine,2018,153,243,UKR,Europe,45208907,2308.6669921875,88.5728806539141,8.7
Ukraine,2019,199,311,UKR,Europe,44957458,2398.07836914063,90.6809653278847,8.5
Ukraine,2020,145,196,UKR,Europe,44680014,2324.107421875,91.1122134493007,8.4
Ukraine,2021,167,208,UKR,Europe,44298640,2426.6123046875,91.1487047246428,8.2
Ukraine,2022,7429,92615,UKR,Europe,41048766,1874.66296386719,92.7711634493634,8.5
Ukraine,2023,10181,75393,UKR,Europe,37732836,2164.26123046875,NA,8.1
Ukraine,2024,10369,68116,UKR,Europe,37860221,2219.04248046875,93.3063190361356,NA
United Arab Emirates,2010,1,1,ARE,Asia,6869838,42328.8508165469,NA,8.8
United Arab Emirates,2022,1,3,ARE,Asia,10074977,41828.5553298104,107.287431527388,5.3
United Kingdom,1989,27,41,GBR,Europe,NA,NA,NA,NA
United Kingdom,1990,32,47,GBR,Europe,57247586,30071.2085616955,NA,9.3
United Kingdom,1991,32,38,GBR,Europe,57424897,29590.9054053428,NA,8.7
United Kingdom,1992,30,39,GBR,Europe,57580402,29893.0776793743,NA,8.2
United Kingdom,1993,34,47,GBR,Europe,57718614,30862.4118121654,NA,7.7
United Kingdom,1994,16,16,GBR,Europe,57865745,32308.7952722115,NA,7.4
United Kingdom,1996,2,2,GBR,Europe,58166950,34147.3459054033,NA,7
United Kingdom,1997,4,5,GBR,Europe,58316954,35721.6105928791,NA,6.9
United Kingdom,1998,3,31,GBR,Europe,58487141,36773.9287790406,NA,6.8
United Kingdom,2000,1,1,GBR,Europe,58892514,39297.1366317267,100.591789245605,6.5
United Kingdom,2001,1,1,GBR,Europe,59119673,40082.1359356822,100.935920715332,6.4
United Kingdom,2002,4,3,GBR,Europe,59370479,40594.932929345,100.692199707031,6.3
United Kingdom,2003,2,1,GBR,Europe,59647577,41706.8303930126,100.598129272461,6.3
United Kingdom,2004,1,1,GBR,Europe,59987905,42434.8209023638,105.938087463379,6.1
United Kingdom,2005,2,53,GBR,Europe,60401206,43320.5628684438,105.804702758789,6
United Kingdom,2006,1,0,GBR,Europe,60846820,43944.9985799069,104.354080200195,5.9
United Kingdom,2009,2,2,GBR,Europe,62276270,42146.5095879962,105.421211242676,5.4
United Kingdom,2011,1,1,GBR,Europe,63258810,42791.0934313474,105.026268005371,5
United Kingdom,2019,3,4,GBR,Europe,66631000,47864.7588712634,101.90941619873,4.4
United States,2001,3,2986,USA,Americas,284968955,48361.0167607073,NA,8.3
United States,2010,1,2,USA,Americas,309378227,52555.7695134023,NA,7.3
United States,2015,1,14,USA,Americas,321815121,56572.9188996063,100.299911499023,6.8
United States,2017,1,8,USA,Americas,326608609,58151.7021391854,101.821441650391,6.6
United States,2018,1,1,USA,Americas,328529577,59526.665698712,101.256561279297,6.5
United States,2019,1,4,USA,Americas,330226227,60750.9898621637,100.981300354004,6.5
United States,2022,1,1,USA,Americas,334017321,63886.1317069841,96.9717330932617,6.5
Uzbekistan,1999,6,50,UZB,Asia,24476008,1238.36591553108,NA,63.8
Uzbekistan,2000,16,297,UZB,Asia,24787054,1269.72137546219,99.1522369384766,61.5
Uzbekistan,2004,8,37,UZB,Asia,26029350,1466.6134889113,96.9909362792969,49.2
Uzbekistan,2009,2,16,UZB,Asia,27939328,2025.04298646098,96.9954833984375,32.9
Venezuela,1989,54,58,VEN,Americas,NA,NA,NA,NA
Venezuela,1990,66,64,VEN,Americas,19827010,3762.27506756855,103.632537841797,29.6
Venezuela,1991,38,30,VEN,Americas,20304896,4031.17843688925,107.00602722168,28.6
Venezuela,1992,75,223,VEN,Americas,20780948,4177.53877353082,108.725692749023,27.8
Venezuela,1993,75,63,VEN,Americas,21254520,4095.70804964337,107.152236938477,27.3
Venezuela,1994,47,164,VEN,Americas,21725188,3912.83890414693,NA,26.8
Venezuela,1995,45,28,VEN,Americas,22193821,3981.57269426866,NA,26.3
Venezuela,1996,53,33,VEN,Americas,22662113,3891.57928415149,98.7612991333008,25.5
Venezuela,1997,5,33,VEN,Americas,23131685,4055.48011894001,100.005096435547,24.5
Venezuela,1998,14,10,VEN,Americas,23601337,3986.46661592952,NA,23.4
Venezuela,1999,41,26,VEN,Americas,24066593,3675.99104079837,98.338996887207,22.4
Venezuela,2000,40,27,VEN,Americas,24526708,3740.0195496928,99.864990234375,21.5
Venezuela,2001,50,27,VEN,Americas,24979922,3796.80579715312,102.415657043457,20.9
Venezuela,2002,30,27,VEN,Americas,25435671,3398.56849937324,104.676307678223,20.3
Venezuela,2003,40,25,VEN,Americas,25892703,3079.6634541359,102.77710723877,19.8
Venezuela,2004,50,31,VEN,Americas,26340838,3580.85417271298,102.658088684082,19.1
Venezuela,2005,32,30,VEN,Americas,26785804,3884.70081071301,102.275398254395,18.5
Venezuela,2006,21,22,VEN,Americas,27224686,4199.39766916963,102.063499450684,17.9
Venezuela,2007,25,17,VEN,Americas,27649363,4496.84905010777,103.891387939453,17.4
Venezuela,2008,44,27,VEN,Americas,28053696,4665.9531880382,101.032890319824,17.2
Venezuela,2009,49,27,VEN,Americas,28438298,4455.4532320933,101.235862731934,17.1
Venezuela,2010,44,23,VEN,Americas,28813101,4332.02681796507,100.685157775879,17.2
Venezuela,2011,22,11,VEN,Americas,29185212,4455.41063337951,100.664756774902,17.3
Venezuela,2012,29,33,VEN,Americas,29553826,4647.37303726595,100.787887573242,17.6
Venezuela,2013,41,9,VEN,Americas,29912198,4653.3645655649,101.162292480469,17.9
Venezuela,2014,42,49,VEN,Americas,30254079,4421.60786723331,100.276649475098,18.3
Venezuela,2015,30,32,VEN,Americas,30573972,4103.1384987005,99.8761825561523,19.2
Venezuela,2016,60,60,VEN,Americas,30765720,3382.73477932247,97.506591796875,24.3
Venezuela,2017,94,76,VEN,Americas,30565323,2871.31531165261,95.0507202148438,24.3
Venezuela,2018,91,94,VEN,Americas,29807592,2365.59281270712,NA,24.3
Venezuela,2019,76,83,VEN,Americas,28938098,1762.73734800083,NA,24.3
Venezuela,2020,4,5,VEN,Americas,28444077,1255.37263090506,NA,24.3
Venezuela,2021,10,20,VEN,Americas,28237826,1276.62381449407,NA,24.3
Venezuela,2022,23,39,VEN,Americas,28213017,1379.97778822986,109.259559631348,24.3
Venezuela,2023,15,16,VEN,Americas,28300854,1430.74575249312,111.130409240723,24.3
Venezuela,2024,10,12,VEN,Americas,28405543,1501.02277449885,113.693878173828,NA
NA,1994,72,1489,NA,NA,NA,NA,NA,NA
NA,2000,1,19,NA,NA,NA,NA,NA,NA
NA,2002,1,2,NA,NA,NA,NA,NA,NA
NA,2003,1,6,NA,NA,NA,NA,NA,NA
NA,2004,2,29,NA,NA,NA,NA,NA,NA
NA,2008,2,21,NA,NA,NA,NA,NA,NA
NA,2009,5,94,NA,NA,NA,NA,NA,NA
NA,2010,63,201,NA,NA,NA,NA,NA,NA
NA,2011,219,1430,NA,NA,NA,NA,NA,NA
NA,2012,253,2461,NA,NA,NA,NA,NA,NA
NA,2013,126,578,NA,NA,NA,NA,NA,NA
NA,2014,281,2364,NA,NA,NA,NA,NA,NA
NA,2015,605,8125,NA,NA,NA,NA,NA,NA
NA,2016,343,4027,NA,NA,NA,NA,NA,NA
NA,2017,397,3620,NA,NA,NA,NA,NA,NA
NA,2018,387,4996,NA,NA,NA,NA,NA,NA
NA,2019,304,2959,NA,NA,NA,NA,NA,NA
NA,2020,657,6754,NA,NA,NA,NA,NA,NA
NA,2021,768,23463,NA,NA,NA,NA,NA,NA
NA,2022,455,3220,NA,NA,NA,NA,NA,NA
NA,2023,319,931,NA,NA,NA,NA,NA,NA
NA,2024,184,990,NA,NA,NA,NA,NA,NA
Zambia,1989,25,87,ZMB,Africa,NA,NA,NA,NA
Zambia,1990,9,40,ZMB,Africa,7786169,878.589205998477,94.2844314575195,180.6
Zambia,1993,1,1,ZMB,Africa,8373921,857.039669609389,NA,179.4
Zambia,2000,1,1,ZMB,Africa,10017631,804.48463418783,80.3700714111328,152.5
Zambia,2001,2,7,ZMB,Africa,10325185,822.020935308251,80.1720123291016,143.8
Zimbabwe,1989,3,37,ZWE,Africa,NA,NA,NA,NA
Zimbabwe,1990,3,14,ZWE,Africa,10137281,1653.56521361694,97.2071304321289,79.7
Zimbabwe,1995,2,4,ZWE,Africa,10974599,1621.41919547814,101.23664855957,98.3
Zimbabwe,1998,1,1,ZWE,Africa,11594297,1789.35135307089,107.43229675293,100.4
Zimbabwe,1999,1,1,ZWE,Africa,11783458,1746.22663873399,108.804626464844,99.2
Zimbabwe,2001,1,0,ZWE,Africa,11971901,1690.14666163116,116.904830932617,97.9
Zimbabwe,2003,1,0,ZWE,Africa,12232323,1250.91948331231,109.804222106934,88.5
Zimbabwe,2007,2,0,ZWE,Africa,12804058,987.200362596937,NA,94.7
Zimbabwe,2008,40,253,ZWE,Africa,12959149,803.044944654991,NA,93.4
Zimbabwe,2009,1,0,ZWE,Africa,13142790,896.915532877845,NA,90.3
Zimbabwe,2011,1,1,ZWE,Africa,13595424,1184.93421020563,NA,78.8
Zimbabwe,2012,1,1,ZWE,Africa,13817887,1360.15230034275,100.09812912727,71.4
Zimbabwe,2018,2,4,ZWE,Africa,15034452,1472.14603844842,93.755201992062,52.3
Zimbabwe,2019,8,8,ZWE,Africa,15271368,1357.53087818754,93.4270967154238,51.1
Zimbabwe,2020,1,2,ZWE,Africa,15526888,1230.81933361016,93.6125855639325,50.1
